Bioguide ID,Name,Chamber,Party,State,District,Term Start,Age,Birthdate,Education,Previous Professions,Total Receipts,Total Disbursements,Main Funding Sources,Policy Focus & Platforms,Projected/Historical Voting Alignment,Committee Assignments,Estimated Net Worth
C000127,Maria Cantwell,Senate,Democrat,WA,Unknown,2025-01-03,67,1958-10-13,"Bachelor of Arts in Public Administration, Miami University","Public relations consultant, Political campaign staffer, Technology company executive",789840.99,1264252.49,Individual/PAC contributions,"Technology, privacy, and telecommunications, Environmental conservation and clean energy, Consumer protection and commerce",Projected ~95%-99% Democratic (High Cohesion),"Senate Committee on Commerce, Science, and Transportation; Senate Committee on Commerce, Science, and Transportation (Subcommittee); Senate Committee on Energy and Natural Resources; Senate Committee on Finance; Senate Committee on Finance (Subcommittee); Senate Committee on Indian Affairs; Senate Committee on Small Business and Entrepreneurship; Joint Committee on Taxation","$4,213,505"
K000367,Amy Klobuchar,Senate,Democrat,MN,Unknown,2025-01-03,66,1960-05-25,Juris Doctor (J.D.) from the University of Chicago Law School,"Private practice attorney, Corporate law firm partner",2516029.34,3095885.42,Individual/PAC contributions,"Antitrust regulation and consumer protection, Voting rights and election security, Agriculture and rural infrastructure",Projected ~95%-99% Democratic (High Cohesion),"Senate Committee on Agriculture, Nutrition, and Forestry; Senate Committee on Agriculture, Nutrition, and Forestry (Subcommittee); Senate Committee on Commerce, Science, and Transportation; Senate Committee on Commerce, Science, and Transportation (Subcommittee); Senate Committee on Rules and Administration; Senate Committee on the Judiciary; Senate Committee on the Judiciary (Subcommittee); Joint Committee of Congress on the Library; Joint Economic Committee","$681,014"
S000033,Bernard Sanders,Senate,Independent,VT,Unknown,2025-01-03,84,1941-09-08,University of Chicago (BA in Political Science),Public service,332845.0,331284.0,Individual/PAC contributions,General legislative priorities,Projected caucuses with Democrats (Historical ~90%-95% alignment),"Senate Committee on Environment and Public Works; Senate Committee on Environment and Public Works (Subcommittee); Senate Committee on Finance; Senate Committee on Finance (Subcommittee); Senate Committee on Health, Education, Labor, and Pensions; Senate Committee on Health, Education, Labor, and Pensions (Subcommittee); Senate Committee on the Budget; Senate Committee on Veterans' Affairs","$308,005"
W000802,Sheldon Whitehouse,Senate,Democrat,RI,Unknown,2025-01-03,70,1955-10-20,Juris Doctor (J.D.) from the University of Virginia School of Law,Attorney,6587257.0,6428954.0,Individual/PAC contributions,"Climate change and environmental protection, Campaign finance reform and dark money in politics, Judicial reform and ethics",Projected ~95%-99% Democratic (High Cohesion),Senate Committee on Environment and Public Works; Senate Committee on Environment and Public Works (Subcommittee); Senate Committee on Finance; Senate Committee on Finance (Subcommittee); Senate Committee on the Budget; Senate Committee on the Judiciary; Senate Committee on the Judiciary (Subcommittee); United States Senate Caucus on International Narcotics Control; Commission on Security and Cooperation in Europe,"$8,311,113"
B001261,John Barrasso,Senate,Republican,WY,Unknown,2025-01-03,74,1952-07-21,"Doctor of Medicine (M.D.), Georgetown University School of Medicine",Orthopedic surgeon and President of the Wyoming Medical Society,658939.0,658939.0,Individual/PAC contributions,"Energy independence and fossil fuel production, Healthcare reform and opposition to the Affordable Care Act, Fiscal conservatism and reducing federal spending",Projected ~95%-99% Republican (High Cohesion),Senate Committee on Energy and Natural Resources; Senate Committee on Energy and Natural Resources (Subcommittee); Senate Committee on Finance; Senate Committee on Finance (Subcommittee); Senate Committee on Foreign Relations; Senate Committee on Foreign Relations (Subcommittee),"$6,137,509"
W000437,Roger Wicker,Senate,Republican,MS,Unknown,2025-01-03,75,1951-07-05,"Juris Doctor (J.D.), University of Mississippi School of Law",Attorney in private practice and U.S. Air Force Judge Advocate General's (JAG) Corps officer,286732.42,828009.14,Individual/PAC contributions,"National Defense and Military Readiness, Infrastructure and Telecommunications Development, Economic Growth and Job Creation",Projected ~95%-99% Republican (High Cohesion),"Senate Committee on Armed Services; Senate Committee on Armed Services (Subcommittee); Senate Committee on Commerce, Science, and Transportation; Senate Committee on Commerce, Science, and Transportation (Subcommittee); Senate Committee on Environment and Public Works; Senate Committee on Environment and Public Works (Subcommittee); Senate Committee on Rules and Administration; Senate Select Committee on Intelligence; Commission on Security and Cooperation in Europe","$299,508"
C001035,Susan Collins,Senate,Republican,ME,Unknown,2021-01-03,73,1952-12-07,"Bachelor of Arts in Government, Bowdoin College",Congressional staffer and state government administrator,1721825.0,1621475.0,Individual/PAC contributions,"Healthcare and medical research, Bipartisan compromise and government oversight, National security and homeland security",Projected ~95%-99% Republican (High Cohesion),"Senate Committee on Appropriations; Senate Committee on Appropriations (Subcommittee); Senate Committee on Health, Education, Labor, and Pensions; Senate Committee on Health, Education, Labor, and Pensions (Subcommittee); Senate Select Committee on Intelligence","$205,002"
C001056,John Cornyn,Senate,Republican,TX,Unknown,2021-01-03,74,1952-02-02,"Master of Laws (LL.M.), University of Virginia School of Law",Attorney in private practice,14261513.59,14352854.31,Individual/PAC contributions,"Border security and immigration enforcement, Judicial nominations and constitutional conservatism, National security and defense",Projected ~95%-99% Republican (High Cohesion),Senate Committee on Finance; Senate Committee on Finance (Subcommittee); Senate Committee on Foreign Relations; Senate Committee on Foreign Relations (Subcommittee); Senate Committee on the Budget; Senate Committee on the Judiciary; Senate Committee on the Judiciary (Subcommittee); Joint Committee on Taxation; Senate Select Committee on Intelligence; United States Senate Caucus on International Narcotics Control,"$423,510"
D000563,Richard Durbin,Senate,Democrat,IL,Unknown,2021-01-03,81,1944-11-21,Juris Doctor (J.D.) from Georgetown University Law Center,Attorney in private practice and legal counsel to state government officials,2377381.05,2452334.88,Individual/PAC contributions,"Criminal justice reform, Immigration reform and the DREAM Act, Healthcare access and consumer protection",Projected ~95%-99% Democratic (High Cohesion),"Senate Committee on Agriculture, Nutrition, and Forestry; Senate Committee on Agriculture, Nutrition, and Forestry (Subcommittee); Senate Committee on Appropriations; Senate Committee on Appropriations (Subcommittee); Senate Committee on the Judiciary; Senate Committee on the Judiciary (Subcommittee)",N/A (No net worth disclosure provided in sources)
M000355,Mitch McConnell,Senate,Republican,KY,Unknown,2021-01-03,84,1942-02-20,Juris Doctor (J.D.) from the University of Kentucky College of Law,"Attorney, Congressional Staffer, and Deputy Assistant Attorney General",248495.0,35909.0,Individual/PAC contributions,"Judicial appointments and conservative court confirmations, Fiscal conservatism and tax reform, National security and foreign defense",Projected ~95%-99% Republican (High Cohesion),"Senate Committee on Agriculture, Nutrition, and Forestry; Senate Committee on Agriculture, Nutrition, and Forestry (Subcommittee); Senate Committee on Appropriations; Senate Committee on Appropriations (Subcommittee); Senate Committee on Rules and Administration; Joint Committee on Printing; Joint Committee of Congress on the Library","$27,306,524"
M001176,Jeff Merkley,Senate,Democrat,OR,Unknown,2021-01-03,69,1956-10-24,"Stanford University (BA in International Relations), Princeton University (MPA)",Public service,7893849.32,4871006.77,Individual/PAC contributions,General legislative priorities,Projected ~95%-99% Democratic (High Cohesion),Senate Committee on Appropriations; Senate Committee on Appropriations (Subcommittee); Senate Committee on Environment and Public Works; Senate Committee on Environment and Public Works (Subcommittee); Senate Committee on Foreign Relations; Senate Committee on Foreign Relations (Subcommittee); Senate Committee on Rules and Administration; Senate Committee on the Budget; Joint Committee on Printing,"$1,900,511"
R000122,John Reed,Senate,Democrat,RI,Unknown,2021-01-03,76,1949-11-12,Juris Doctor (J.D.) from Harvard Law School,U.S. Army Officer and Attorney,4214314.74,2580940.81,Individual/PAC contributions,"National Security and Defense, Education and Student Loan Reform, Financial Regulation and Consumer Protection",Projected ~95%-99% Democratic (High Cohesion),"Senate Committee on Appropriations; Senate Committee on Appropriations (Subcommittee); Senate Committee on Armed Services; Senate Committee on Armed Services (Subcommittee); Senate Committee on Banking, Housing, and Urban Affairs; Senate Committee on Banking, Housing, and Urban Affairs (Subcommittee); Senate Select Committee on Intelligence",N/A (No net worth disclosure provided in sources)
R000584,James Risch,Senate,Republican,ID,Unknown,2021-01-03,83,1943-05-03,"Juris Doctor (J.D.), University of Idaho College of Law",Prosecuting Attorney and Rancher,4431093.48,3089996.46,Individual/PAC contributions,"Foreign Relations and National Security, Energy and Natural Resources, Fiscal Responsibility and Small Business Support",Projected ~95%-99% Republican (High Cohesion),Senate Committee on Energy and Natural Resources; Senate Committee on Energy and Natural Resources (Subcommittee); Senate Committee on Foreign Relations; Senate Committee on Foreign Relations (Subcommittee); Senate Committee on Small Business and Entrepreneurship; Senate Select Committee on Ethics; Senate Select Committee on Intelligence; United States Senate Caucus on International Narcotics Control,"$53,385,526"
S001181,Jeanne Shaheen,Senate,Democrat,NH,Unknown,2021-01-03,79,1947-01-28,Master of Science in Library Science from Syracuse University,High school teacher and small business owner,2668037.98,2914576.92,Individual/PAC contributions,"Healthcare access and reproductive rights, Small business support and economic development, Foreign relations and national security",Projected ~95%-99% Democratic (High Cohesion),Senate Committee on Appropriations; Senate Committee on Appropriations (Subcommittee); Senate Committee on Armed Services; Senate Committee on Armed Services (Subcommittee); Senate Committee on Foreign Relations; Senate Committee on Foreign Relations (Subcommittee); Senate Committee on Small Business and Entrepreneurship; Senate Select Committee on Ethics; Commission on Security and Cooperation in Europe,"$3,457,871"
W000805,Mark Warner,Senate,Democrat,VA,Unknown,2021-01-03,71,1954-12-15,Juris Doctor (J.D.) from Harvard Law School,Venture capitalist and telecommunications entrepreneur,11634126.0,11611984.0,Individual/PAC contributions,"Cybersecurity and technology policy, National security and intelligence, Fiscal responsibility and economic growth",Projected ~95%-99% Democratic (High Cohesion),"Senate Committee on Banking, Housing, and Urban Affairs; Senate Committee on Banking, Housing, and Urban Affairs (Subcommittee); Senate Committee on Finance; Senate Committee on Finance (Subcommittee); Senate Committee on Rules and Administration; Senate Committee on the Budget; Senate Select Committee on Intelligence","$228,129,609"
G000555,Kirsten Gillibrand,Senate,Democrat,NY,Unknown,2025-01-03,59,1966-12-09,"Juris Doctor (J.D.) from the University of California, Los Angeles (UCLA) School of Law",Attorney in private practice and public service,4649656.96,4489397.18,Individual/PAC contributions,"Combating sexual assault in the military and on college campuses, Paid family and medical leave advocacy, Healthcare access and 9/11 first responder benefits",Projected ~95%-99% Democratic (High Cohesion),Senate Committee on Appropriations; Senate Committee on Appropriations (Subcommittee); Senate Committee on Armed Services; Senate Committee on Armed Services (Subcommittee); Senate Select Committee on Intelligence; Senate Special Committee on Aging,"$102,003"
C001088,Christopher Coons,Senate,Democrat,DE,Unknown,2021-01-03,62,1963-09-09,Juris Doctor (J.D.) from Yale Law School,Corporate Attorney at W. L. Gore & Associates,6669193.85,3804022.62,Individual/PAC contributions,"Foreign Relations and Global Development, Intellectual Property and Patent Reform, Bipartisan Climate and Environmental Solutions",Projected ~95%-99% Democratic (High Cohesion),Senate Committee on Appropriations; Senate Committee on Appropriations (Subcommittee); Senate Committee on Foreign Relations; Senate Committee on Foreign Relations (Subcommittee); Senate Committee on Small Business and Entrepreneurship; Senate Committee on the Judiciary; Senate Committee on the Judiciary (Subcommittee); Senate Select Committee on Ethics,N/A (No net worth disclosure provided in sources)
A000055,Robert Aderholt,House,Republican,AL,District 4,2025-01-03,61,1965-07-22,Juris Doctor (J.D.) from Cumberland School of Law at Samford University,Attorney in private practice and Haleyville Municipal Judge,1022664.06,1239900.72,Individual/PAC contributions,"Fiscal conservatism and federal appropriations, Social conservatism, including pro-life advocacy and religious liberty, Agriculture, infrastructure, and rural economic development",Projected ~95%-99% Republican (High Cohesion),House Committee on Appropriations; House Committee on Appropriations (Subcommittee),"$3,161,009"
B001230,Tammy Baldwin,Senate,Democrat,WI,Unknown,2025-01-03,64,1962-02-11,"Smith College (BA in Political Science/Mathematics), University of Wisconsin Law School (JD)",Public service,1197113.57,1084310.9,Individual/PAC contributions,General legislative priorities,Projected ~95%-99% Democratic (High Cohesion),"Senate Committee on Appropriations; Senate Committee on Appropriations (Subcommittee); Senate Committee on Commerce, Science, and Transportation; Senate Committee on Commerce, Science, and Transportation (Subcommittee); Senate Committee on Health, Education, Labor, and Pensions; Senate Committee on Health, Education, Labor, and Pensions (Subcommittee)","$758,501"
B001267,Michael Bennet,Senate,Democrat,CO,Unknown,2023-01-03,61,1964-11-28,Juris Doctor (J.D.) from Yale Law School,"Superintendent of Denver Public Schools, Managing Director at Anschutz Investment Company, and Attorney",1395302.92,1934336.37,Individual/PAC contributions,"Education reform and modernization, Child poverty reduction (including the expanded Child Tax Credit), Environmental conservation, public lands protection, and climate change mitigation",Projected ~95%-99% Democratic (High Cohesion),"Senate Committee on Agriculture, Nutrition, and Forestry; Senate Committee on Agriculture, Nutrition, and Forestry (Subcommittee); Senate Committee on Finance; Senate Committee on Finance (Subcommittee); Senate Committee on Rules and Administration; Senate Select Committee on Intelligence","$12,108,015"
B001257,Gus Bilirakis,House,Republican,FL,District 12,2025-01-03,63,1963-02-08,Juris Doctor (J.D.) from Stetson University College of Law,"Attorney specializing in probate and estate planning, College instructor",1588537.71,1155884.74,Individual/PAC contributions,"Veterans' affairs and benefits, Healthcare access and rare disease research, Consumer protection and telecommunications",Projected ~95%-99% Republican (High Cohesion),House Committee on Energy and Commerce; House Select Committee on the Strategic Competition Between the United States and the Chinese Communist Party; House Committee on Energy and Commerce (Subcommittee),"$605,517"
B000490,Sanford Bishop,House,Democrat,GA,District 2,2025-01-03,79,1947-02-04,Juris Doctor (J.D.) from Emory University School of Law,Attorney in private practice,1126529.96,861582.99,Individual/PAC contributions,"Agriculture and Rural Development, Veterans and Military Affairs, National Defense and Security",Projected ~95%-99% Democratic (High Cohesion),House Committee on Appropriations; House Committee on Appropriations (Subcommittee),"$40,504"
B001243,Marsha Blackburn,Senate,Republican,TN,Unknown,2025-01-03,74,1952-06-06,"Bachelor of Science in Home Economics, Mississippi State University",Marketing consultant and businesswoman (Founder of Marketing Strategies),2239550.04,1550219.15,Individual/PAC contributions,"Fiscal conservatism and tax cuts, Border security and immigration enforcement, Technology regulation, online privacy, and child safety",Projected ~95%-99% Republican (High Cohesion),"Senate Committee on Commerce, Science, and Transportation; Senate Committee on Commerce, Science, and Transportation (Subcommittee); Senate Committee on Finance; Senate Committee on Finance (Subcommittee); Senate Committee on the Judiciary; Senate Committee on the Judiciary (Subcommittee); Senate Committee on Veterans' Affairs; Joint Economic Committee","$424,510"
B001277,Richard Blumenthal,Senate,Democrat,CT,Unknown,2023-01-03,80,1946-02-13,Juris Doctor (J.D.) from Yale Law School,Attorney and U.S. Attorney for the District of Connecticut,8737377.0,8718286.0,Individual/PAC contributions,"Consumer Protection, Gun Violence Prevention, Veterans' Affairs",Projected ~95%-99% Democratic (High Cohesion),Senate Committee on Armed Services; Senate Committee on Armed Services (Subcommittee); Senate Committee on Homeland Security and Governmental Affairs; Senate Committee on Homeland Security and Governmental Affairs (Subcommittee); Senate Committee on the Judiciary; Senate Committee on the Judiciary (Subcommittee); Senate Committee on Veterans' Affairs; United States Senate Caucus on International Narcotics Control,"$100,190,174"
B001236,John Boozman,Senate,Republican,AR,Unknown,2023-01-03,75,1950-12-10,Doctor of Optometry (O.D.) from Southern College of Optometry,Optometrist and co-founder of Boozman-Hof Regional Eye Clinic,697061.17,651065.18,Individual/PAC contributions,"Agriculture and Nutrition, Veterans' Care and Benefits, Infrastructure and Economic Development",Projected ~95%-99% Republican (High Cohesion),"Senate Committee on Agriculture, Nutrition, and Forestry; Senate Committee on Agriculture, Nutrition, and Forestry (Subcommittee); Senate Committee on Appropriations; Senate Committee on Appropriations (Subcommittee); Senate Committee on Environment and Public Works; Senate Committee on Environment and Public Works (Subcommittee); Senate Committee on Rules and Administration; Senate Committee on Veterans' Affairs; Commission on Security and Cooperation in Europe","$2,938,504"
B001260,Vern Buchanan,House,Republican,FL,District 16,2025-01-03,75,1951-05-08,Master of Business Administration (MBA) from the University of Detroit,"Businessman and entrepreneur, notably founding the Buchanan Automotive Group",929859.45,983349.77,Individual/PAC contributions,"Tax reform and economic growth, Animal welfare advocacy, Veterans' healthcare and benefits",Projected ~95%-99% Republican (High Cohesion),Joint Committee on Taxation; House Committee on Ways and Means; House Committee on Ways and Means (Subcommittee),N/A (No net worth disclosure provided in sources)
C000059,Ken Calvert,House,Republican,CA,District 41,2025-01-03,73,1953-06-08,"Bachelor of Arts in Economics, San Diego State University",Real estate broker and business owner,6142469.38,4907603.65,Individual/PAC contributions,"Defense and National Security, Infrastructure and Transportation, Water Resources and Security",Projected ~95%-99% Republican (High Cohesion),House Committee on Appropriations; House Committee on Appropriations (Subcommittee),"$3,900,002"
C001047,Shelley Capito,Senate,Republican,WV,Unknown,2021-01-03,72,1953-11-26,Master of Education (M.Ed.) from the University of Virginia,"College career counselor, Director of the educational information center for the West Virginia Board of Regents",1367504.0,1288226.0,Individual/PAC contributions,"Infrastructure development and rural broadband expansion, Energy independence and supporting traditional energy industries like coal and natural gas, Combating the opioid epidemic and improving public health resources",Projected ~95%-99% Republican (High Cohesion),"Senate Committee on Appropriations; Senate Committee on Appropriations (Subcommittee); Senate Committee on Commerce, Science, and Transportation; Senate Committee on Commerce, Science, and Transportation (Subcommittee); Senate Committee on Environment and Public Works; Senate Committee on Environment and Public Works (Subcommittee); Senate Committee on Rules and Administration",N/A (No net worth disclosure provided in sources)
C001072,André Carson,House,Democrat,IN,District 7,2025-01-03,51,1974-10-16,Master of Science in Business Management from Indiana Wesleyan University,Law enforcement officer (Indiana State Excise Police) and intelligence analyst (Indiana Department of Homeland Security),1006176.73,834249.21,Individual/PAC contributions,"National Security and Intelligence, Civil Rights and Social Justice, Infrastructure and Transportation",Projected ~95%-99% Democratic (High Cohesion),House Committee on Transportation and Infrastructure; House Permanent Select Committee on Intelligence; House Select Committee on the Strategic Competition Between the United States and the Chinese Communist Party; House Committee on Transportation and Infrastructure (Subcommittee),N/A (No net worth disclosure provided in sources)
C001051,John Carter,House,Republican,TX,District 31,2025-01-03,84,1941-11-06,"Texas Tech University (BA), University of Texas School of Law (JD)",Public service,1419042.42,1289653.97,Individual/PAC contributions,General legislative priorities,Projected ~95%-99% Republican (High Cohesion),House Committee on Appropriations; House Committee on Appropriations (Subcommittee),"$2,759,999"
C001075,Bill Cassidy,Senate,Republican,LA,Unknown,2021-01-03,68,1957-09-28,"Louisiana State University (BS in Biochemistry), LSU School of Medicine (MD)",Public service,627040.05,2660513.5,Individual/PAC contributions,General legislative priorities,Projected ~95%-99% Republican (High Cohesion),"Senate Committee on Energy and Natural Resources; Senate Committee on Energy and Natural Resources (Subcommittee); Senate Committee on Finance; Senate Committee on Finance (Subcommittee); Senate Committee on Health, Education, Labor, and Pensions; Senate Committee on Health, Education, Labor, and Pensions (Subcommittee); Senate Committee on Veterans' Affairs",N/A (No net worth disclosure provided in sources)
C001066,Kathy Castor,House,Democrat,FL,District 14,2025-01-03,59,1966-08-20,Juris Doctor (J.D.) from Florida State University College of Law,Attorney specializing in environmental and land use law,2337125.13,819132.0,Individual/PAC contributions,"Climate change mitigation and environmental protection, Healthcare access and affordability, Consumer protection and children's online privacy",Projected ~95%-99% Democratic (High Cohesion),House Committee on Energy and Commerce; House Select Committee on the Strategic Competition Between the United States and the Chinese Communist Party; House Committee on Energy and Commerce (Subcommittee),"$1,545,529"
C001080,Judy Chu,House,Democrat,CA,District 28,2025-01-03,73,1953-07-07,Ph.D. in Clinical Psychology from the California School of Professional Psychology,College Psychology Professor and Clinical Psychologist,930123.25,857831.85,Individual/PAC contributions,"Civil Rights and Asian American Pacific Islander (AAPI) Advocacy, Women's Reproductive Rights and Healthcare Access, Small Business Support and Economic Opportunity",Projected ~95%-99% Democratic (High Cohesion),House Committee on Ways and Means; House Committee on the Budget; House Committee on Ways and Means (Subcommittee),N/A (No net worth disclosure provided in sources)
C001067,Yvette Clarke,House,Democrat,NY,District 9,2025-01-03,61,1964-11-21,"Bachelor of Science, Medgar Evers College","Community Organizer, Director of Youth Services for the NYC Department of Youth and Community Development, Legislative Aide",1013953.29,1093029.88,Individual/PAC contributions,"Technology, Cybersecurity, and Digital Equity, Immigration Reform and Pathway to Citizenship, Healthcare Access and Women's Health",Projected ~95%-99% Democratic (High Cohesion),House Committee on Energy and Commerce; House Committee on Energy and Commerce (Subcommittee),"$105,003"
C001061,Emanuel Cleaver,House,Democrat,MO,District 5,2025-01-03,81,1944-10-26,"Master of Divinity, St. Paul School of Theology",Methodist Minister,1336737.64,1083482.88,Individual/PAC contributions,"Affordable Housing and Urban Development, Civil Rights and Social Justice, Financial Services and Consumer Protection",Projected ~95%-99% Democratic (High Cohesion),House Committee on Financial Services; House Committee on Financial Services (Subcommittee),"$859,006"
C000537,James Clyburn,House,Democrat,SC,District 6,2025-01-03,86,1940-07-21,"Bachelor of Science in History, South Carolina State University",Public school history teacher and South Carolina Human Affairs Commissioner,1225050.92,1429385.48,Individual/PAC contributions,"Voting rights and civil rights protection, Rural infrastructure and economic development, Access to affordable healthcare and education",Projected ~95%-99% Democratic (High Cohesion),House Committee on Appropriations; House Committee on Appropriations (Subcommittee),"$397,005"
C001068,Steve Cohen,House,Democrat,TN,District 9,2025-01-03,77,1949-05-24,Juris Doctor (J.D.) from the University of Memphis School of Law,Attorney in private practice and legal adviser to the Memphis Police Department,776210.64,652524.94,Individual/PAC contributions,"Civil rights and criminal justice reform, Transportation and infrastructure development, Animal welfare and environmental protection",Projected ~95%-99% Democratic (High Cohesion),House Committee on the Judiciary; House Permanent Select Committee on Intelligence; House Committee on the Judiciary (Subcommittee); House Permanent Select Committee on Intelligence (Subcommittee),"$3,410,551"
C001053,Tom Cole,House,Republican,OK,District 4,2025-01-03,77,1949-04-28,"Ph.D. in British History, University of Oklahoma","History Professor, Political Consultant",3827891.36,3008431.84,Individual/PAC contributions,"Native American Affairs, Federal Budget and Appropriations, National Defense and Security",Projected ~95%-99% Republican (High Cohesion),House Committee on Appropriations,"$3,713,537"
C001059,Jim Costa,House,Democrat,CA,District 21,2025-01-03,74,1952-04-13,"Bachelor of Arts in Political Science, California State University, Fresno",Congressional and Legislative Aide,1337630.34,608733.94,Individual/PAC contributions,"Agriculture and Food Policy, Water Rights and Resource Management, Infrastructure and Transportation",Projected ~95%-99% Democratic (High Cohesion),House Committee on Agriculture; House Committee on Foreign Affairs; House Committee on Agriculture (Subcommittee); House Committee on Foreign Affairs (Subcommittee),"$3,814,503"
C001069,Joe Courtney,House,Democrat,CT,District 2,2025-01-03,73,1953-04-06,Juris Doctor (J.D.) from the University of Connecticut School of Law,Attorney in private practice and public defender,760424.39,508302.32,Individual/PAC contributions,"Defense and National Security (specifically naval shipbuilding and submarine production), Healthcare access and affordability, Education and student loan reform",Projected ~95%-99% Democratic (High Cohesion),House Committee on Armed Services; House Committee on Education and Workforce; House Committee on Armed Services (Subcommittee); House Committee on Education and the Workforce (Subcommittee),"$403,514"
C000880,Michael Crapo,Senate,Republican,ID,Unknown,2023-01-03,75,1951-05-20,Juris Doctor (J.D.) from Harvard Law School,Attorney in private practice,2222161.6,1618565.4,Individual/PAC contributions,"Fiscal conservatism and tax reform, Financial sector regulation and banking reform, Natural resources and collaborative conservation",Projected ~95%-99% Republican (High Cohesion),"Senate Committee on Banking, Housing, and Urban Affairs; Senate Committee on Banking, Housing, and Urban Affairs (Subcommittee); Senate Committee on Finance; Senate Committee on Finance (Subcommittee); Senate Committee on the Budget; Joint Committee on Taxation",N/A (No net worth disclosure provided in sources)
C001087,Eric Crawford,House,Republican,AR,District 1,2025-01-03,60,1966-01-22,"Bachelor of Science in Agricultural Business and Economics, Arkansas State University","U.S. Army Explosive Ordnance Disposal (EOD) technician, Agricultural news broadcaster and radio host",944302.03,743498.3,Individual/PAC contributions,"Agriculture and farm policy, Transportation and infrastructure, National security and veterans affairs",Projected ~95%-99% Republican (High Cohesion),House Committee on Transportation and Infrastructure; House Committee on Agriculture; House Permanent Select Committee on Intelligence; House Committee on Agriculture (Subcommittee); House Committee on Transportation and Infrastructure (Subcommittee),N/A (No net worth disclosure provided in sources)
C001063,Henry Cuellar,House,Democrat,TX,District 28,2025-01-03,70,1955-09-19,"Georgetown University (BSFS), University of Texas at Austin (MA, Ph.D.), University of Texas School of Law (JD)",Public service,2231952.32,1150307.35,Individual/PAC contributions,General legislative priorities,Projected ~95%-99% Democratic (High Cohesion),House Committee on Appropriations; House Committee on Appropriations (Subcommittee),"$902,507"
D000096,Danny Davis,House,Democrat,IL,District 7,2025-01-03,84,1941-09-06,Ph.D. in Public Administration from Union Institute & University,"Health care administrator, educator, and community organizer",109159.89,138981.12,Individual/PAC contributions,"Healthcare access and reform, Education and early childhood development, Poverty reduction and prisoner re-entry support",Projected ~95%-99% Democratic (High Cohesion),House Committee on Ways and Means; House Committee on Ways and Means (Subcommittee),"$453,007"
D000197,Diana DeGette,House,Democrat,CO,District 1,2025-01-03,69,1957-07-29,Juris Doctor (J.D.) from New York University School of Law,Attorney specializing in civil rights and employment law,1671530.59,1650611.03,Individual/PAC contributions,"Healthcare and medical research (including the 21st Century Cures Act), Reproductive rights and women's health, Environmental protection and public lands preservation",Projected ~95%-99% Democratic (High Cohesion),House Committee on Energy and Commerce; House Committee on Energy and Commerce (Subcommittee),N/A (No net worth disclosure provided in sources)
D000216,Rosa DeLauro,House,Democrat,CT,District 3,2025-01-03,83,1943-03-02,"Master of Arts in International Politics, Columbia University","Political campaign manager, Chief of Staff to Senator Chris Dodd, and Executive Director of EMILY's List",1152006.56,1028036.22,Individual/PAC contributions,"Family economic security and the Child Tax Credit, Public health, food safety, and healthcare access, Labor rights, equal pay, and raising the minimum wage",Projected ~95%-99% Democratic (High Cohesion),House Committee on Appropriations; House Committee on Appropriations (Subcommittee),"$15,934,508"
D000616,Scott DesJarlais,House,Republican,TN,District 4,2025-01-03,62,1964-02-21,"Doctor of Medicine (M.D.), University of South Dakota School of Medicine",Physician (Family Medicine),973111.33,957680.19,Individual/PAC contributions,"Healthcare Reform, Fiscal Conservatism and Government Spending Reduction, Agriculture and Rural Development",Projected ~95%-99% Republican (High Cohesion),House Committee on Agriculture; House Committee on Armed Services; House Committee on Agriculture (Subcommittee); House Committee on Armed Services (Subcommittee),N/A (No net worth disclosure provided in sources)
D000600,Mario Diaz-Balart,House,Republican,FL,District 26,2025-01-03,64,1961-09-25,University of South Florida (attended),Public service,1073881.66,999323.92,Individual/PAC contributions,General legislative priorities,Projected ~95%-99% Republican (High Cohesion),House Committee on Appropriations; House Committee on Appropriations (Subcommittee),"-$37,000"
D000399,Lloyd Doggett,House,Democrat,TX,District 37,2025-01-03,79,1946-10-06,"Juris Doctor (J.D.), University of Texas School of Law",Attorney in private practice,471289.18,309125.2,Individual/PAC contributions,"Healthcare access and Medicare preservation, Environmental protection and climate action, Tax reform and affordable higher education",Projected ~95%-99% Democratic (High Cohesion),Joint Committee on Taxation; House Committee on Ways and Means; House Committee on the Budget; House Committee on Ways and Means (Subcommittee),"$15,533,044"
F000459,Charles Fleischmann,House,Republican,TN,District 3,2025-01-03,63,1962-10-11,Juris Doctor (J.D.) from the University of Tennessee College of Law,Attorney and founder of the Fleischmann & Associates law firm,2330803.33,752330.86,Individual/PAC contributions,"Nuclear Energy and Support for Oak Ridge National Laboratory, Fiscal Conservatism and Federal Spending Reduction, National Security and Border Security",Projected ~95%-99% Republican (High Cohesion),"House Committee on Science, Space, and Technology; House Committee on Appropriations; House Committee on Science, Space, and Technology (Subcommittee); House Committee on Appropriations (Subcommittee)",N/A (No net worth disclosure provided in sources)
F000450,Virginia Foxx,House,Republican,NC,District 5,2025-01-03,83,1943-06-29,"Ed.D. in Curriculum and Teaching, University of North Carolina at Greensboro",Higher education administrator (President of Mayland Community College) and educator,1662603.66,1204803.6,Individual/PAC contributions,"Education and workforce development, Fiscal responsibility and federal spending reduction, Deregulation and reducing federal oversight",Projected ~95%-99% Republican (High Cohesion),House Committee on Oversight and Government Reform; House Committee on Education and Workforce; House Committee on Rules; House Committee on Oversight and Accountability (Subcommittee); House Committee on Education and the Workforce (Subcommittee),"$5,923,516"
G000559,John Garamendi,House,Democrat,CA,District 8,2025-01-03,81,1945-01-24,Master of Business Administration (MBA) from Harvard Business School,"Rancher, businessman, and Peace Corps volunteer",1764504.06,1714971.13,Individual/PAC contributions,"Maritime and National Defense, Water Infrastructure and Environmental Protection, Agriculture and Rural Development",Projected ~95%-99% Democratic (High Cohesion),House Committee on Transportation and Infrastructure; House Committee on Armed Services; House Committee on Transportation and Infrastructure (Subcommittee); House Committee on Armed Services (Subcommittee),"$9,716,505"
G000565,Paul Gosar,House,Republican,AZ,District 9,2025-01-03,67,1958-11-22,Doctor of Dental Surgery (D.D.S.) from Creighton University,Dentist and private practice owner,580042.5,368425.78,Individual/PAC contributions,"Border security and immigration enforcement, Federal land management and natural resource development, Government accountability and spending reduction",Projected ~95%-99% Republican (High Cohesion),House Committee on Natural Resources; House Committee on Oversight and Government Reform; House Committee on Natural Resources (Subcommittee); House Committee on Oversight and Accountability (Subcommittee),"$982,501"
G000386,Charles Grassley,Senate,Republican,IA,Unknown,2023-01-03,92,1933-09-17,"Master of Arts (M.A.) in Political Science, University of Northern Iowa",Farmer and factory worker (sheet metal shearer),1098150.95,1179361.69,Individual/PAC contributions,"Government oversight and whistleblower protection, Agriculture and rural development, Judiciary and tax reform",Projected ~95%-99% Republican (High Cohesion),"Senate Committee on Agriculture, Nutrition, and Forestry; Senate Committee on Agriculture, Nutrition, and Forestry (Subcommittee); Senate Committee on Finance; Senate Committee on Finance (Subcommittee); Senate Committee on the Budget; Senate Committee on the Judiciary; Joint Committee on Taxation; United States Senate Caucus on International Narcotics Control",N/A (No net worth disclosure provided in sources)
G000546,Sam Graves,House,Republican,MO,District 6,2025-01-03,62,1963-11-07,"Bachelor of Science in Agriculture, University of Missouri",Family Farmer,1806360.65,1195985.86,Individual/PAC contributions,"Transportation and Infrastructure, Agriculture and Rural Development, General Aviation",Projected ~95%-99% Republican (High Cohesion),House Committee on Transportation and Infrastructure; House Committee on Armed Services; House Committee on Armed Services (Subcommittee),"$1,145,003"
G000553,Al Green,House,Democrat,TX,District 9,2025-01-03,78,1947-09-01,Juris Doctor (J.D.) from Texas Southern University Thurgood Marshall School of Law,Attorney and Harris County Justice of the Peace,1725770.78,1860105.1,Individual/PAC contributions,"Civil Rights and Racial Justice, Affordable Housing and Consumer Protection, Healthcare Access",Projected ~95%-99% Democratic (High Cohesion),House Committee on Homeland Security; House Committee on Financial Services; House Committee on Homeland Security (Subcommittee); House Committee on Financial Services (Subcommittee),"$4,407,505"
G000568,H. Griffith,House,Republican,VA,District 9,2025-01-03,68,1958-03-15,Juris Doctor (J.D.) from Washington and Lee University School of Law,Private practice attorney,1075273.06,1029522.48,Individual/PAC contributions,"Energy independence and coal advocacy, Healthcare reform, Regulatory relief and government oversight",Projected ~95%-99% Republican (High Cohesion),"House Committee on Energy and Commerce; House Committee on Rules; House Committee on House Administration; House Committee on Energy and Commerce (Subcommittee); House Committee on Rules (Subcommittee); House Select Subcommittee to Investigate the Remaining Questions Surrounding January 6, 2021",N/A (No net worth disclosure provided in sources)
G000558,Brett Guthrie,House,Republican,KY,District 2,2025-01-03,62,1964-02-18,Master of Public Management from Yale University,U.S. Army Officer and Manufacturing Executive (Vice President of Trace Die Cast),4707592.6,3355565.93,Individual/PAC contributions,"Healthcare access and modernization, Telecommunications and technology expansion, Workforce development and education",Projected ~95%-99% Republican (High Cohesion),House Committee on Energy and Commerce,"$613,514"
H001052,Andy Harris,House,Republican,MD,District 1,2025-01-03,69,1957-01-25,"M.D., Johns Hopkins University",Anesthesiologist and U.S. Navy Reserve Medical Corps Officer,2319668.06,1221000.58,Individual/PAC contributions,"Healthcare reform and opposing the Affordable Care Act, Fiscal conservatism and federal spending reduction, Agriculture, fisheries, and Chesapeake Bay preservation",Projected ~95%-99% Republican (High Cohesion),House Committee on Appropriations; House Committee on Appropriations (Subcommittee),N/A (No net worth disclosure provided in sources)
H001046,Martin Heinrich,Senate,Democrat,NM,Unknown,2025-01-03,54,1971-10-17,"University of Missouri (BS in Mechanical Engineering), University of New Mexico",Public service,2792508.54,2770752.23,Individual/PAC contributions,General legislative priorities,Projected ~95%-99% Democratic (High Cohesion),Senate Committee on Appropriations; Senate Committee on Appropriations (Subcommittee); Senate Committee on Energy and Natural Resources; Senate Committee on Energy and Natural Resources (Subcommittee); Joint Economic Committee; Senate Select Committee on Intelligence,"$53,008"
H001047,James Himes,House,Democrat,CT,District 4,2025-01-03,60,1966-07-05,"M.Phil. in Latin American Studies, Oxford University",Investment Banker at Goldman Sachs and Vice President at Enterprise Community Partners (affordable housing nonprofit),3940033.94,3909942.23,Individual/PAC contributions,"Financial Services and Economic Regulation, National Security and Intelligence, Affordable Housing and Infrastructure Investment",Projected ~95%-99% Democratic (High Cohesion),House Permanent Select Committee on Intelligence; House Committee on Financial Services,N/A (No net worth disclosure provided in sources)
H001042,Mazie Hirono,Senate,Democrat,HI,Unknown,2025-01-03,78,1947-11-03,Juris Doctor (J.D.) from Georgetown University Law Center,Attorney in private practice,992526.31,1102377.06,Individual/PAC contributions,"Healthcare access and reproductive rights, Education and early childhood development, Immigration reform and civil rights",Projected ~95%-99% Democratic (High Cohesion),Senate Committee on Armed Services; Senate Committee on Armed Services (Subcommittee); Senate Committee on Energy and Natural Resources; Senate Committee on Energy and Natural Resources (Subcommittee); Senate Committee on Small Business and Entrepreneurship; Senate Committee on the Judiciary; Senate Committee on the Judiciary (Subcommittee); Senate Committee on Veterans' Affairs,"$2,478,018"
H001061,John Hoeven,Senate,Republican,ND,Unknown,2023-01-03,69,1957-03-13,"Dartmouth College (BA in History), Northwestern University Kellogg School of Management (MBA)",Public service,3801481.0,2909158.0,Individual/PAC contributions,General legislative priorities,Projected ~95%-99% Republican (High Cohesion),"Senate Committee on Agriculture, Nutrition, and Forestry; Senate Committee on Agriculture, Nutrition, and Forestry (Subcommittee); Senate Committee on Appropriations; Senate Committee on Appropriations (Subcommittee); Senate Committee on Energy and Natural Resources; Senate Committee on Energy and Natural Resources (Subcommittee); Senate Committee on Indian Affairs","$22,073,031"
H000874,Steny Hoyer,House,Democrat,MD,District 5,2025-01-03,87,1939-06-14,Juris Doctor (J.D.) from Georgetown University Law Center,Attorney in private practice,402330.17,703137.88,Individual/PAC contributions,"Federal workforce and government operations, Fiscal responsibility and budget reform, Economic development and domestic manufacturing",Projected ~95%-99% Democratic (High Cohesion),House Committee on Appropriations; House Committee on Appropriations (Subcommittee),N/A (No net worth disclosure provided in sources)
H001058,Bill Huizenga,House,Republican,MI,District 4,2025-01-03,57,1969-01-31,Calvin University (BA in Political Science),Public service,Unknown,Unknown,Individual/PAC contributions,General legislative priorities,Projected ~95%-99% Republican (High Cohesion),House Committee on Financial Services; House Committee on Foreign Affairs; House Committee on Foreign Affairs (Subcommittee); House Committee on Financial Services (Subcommittee),"$734,006"
J000288,Henry Johnson,House,Democrat,GA,District 4,2025-01-03,71,1954-10-02,Juris Doctor (J.D.) from North Carolina Central University School of Law,Attorney in private practice and Associate Magistrate Court Judge,Unknown,Unknown,Individual/PAC contributions,"Judiciary and court reform, Civil rights and voting rights, Consumer protection and antitrust",Projected ~95%-99% Democratic (High Cohesion),House Committee on Transportation and Infrastructure; House Committee on the Judiciary; House Committee on Transportation and Infrastructure (Subcommittee); House Committee on the Judiciary (Subcommittee),N/A (No net worth disclosure provided in sources)
J000293,Ron Johnson,Senate,Republican,WI,Unknown,2023-01-03,71,1955-04-08,"Bachelor of Business Administration, University of Minnesota",Business executive and accountant (CEO of plastics manufacturing company PACUR),Unknown,Unknown,Individual/PAC contributions,"Fiscal responsibility and reducing the national debt, Government oversight and investigations, National security and border enforcement",Projected ~95%-99% Republican (High Cohesion),Senate Committee on Finance; Senate Committee on Finance (Subcommittee); Senate Committee on Homeland Security and Governmental Affairs; Senate Committee on Homeland Security and Governmental Affairs (Subcommittee); Senate Committee on the Budget; Senate Special Committee on Aging,"$23,755,008"
J000289,Jim Jordan,House,Republican,OH,District 4,2025-01-03,62,1964-02-17,Juris Doctor (J.D.) from Capital University Law School,Assistant Wrestling Coach at Ohio State University,Unknown,Unknown,Individual/PAC contributions,"Government oversight and accountability, Fiscal conservatism and federal spending cuts, Defense of conservative social values and constitutional rights",Projected ~95%-99% Republican (High Cohesion),House Committee on the Judiciary; House Committee on Oversight and Government Reform,"$240,504"
K000009,Marcy Kaptur,House,Democrat,OH,District 9,2025-01-03,80,1946-06-17,"Master of Urban Planning, University of Michigan","Urban Planner, White House Domestic Policy Advisor",Unknown,Unknown,Individual/PAC contributions,"Great Lakes environmental protection and restoration, Manufacturing, fair trade, and job creation, Veterans affairs and military support",Projected ~95%-99% Democratic (High Cohesion),House Committee on Appropriations; House Committee on the Budget; House Committee on Appropriations (Subcommittee),"$520,008"
K000375,William Keating,House,Democrat,MA,District 9,2025-01-03,73,1952-09-06,"Boston College (BA, MBA), Suffolk University Law School (JD)",Public service,Unknown,Unknown,Individual/PAC contributions,General legislative priorities,Projected ~95%-99% Democratic (High Cohesion),House Committee on Armed Services; House Committee on Foreign Affairs; House Committee on Armed Services (Subcommittee); House Committee on Foreign Affairs (Subcommittee),N/A (No net worth disclosure provided in sources)
K000376,Mike Kelly,House,Republican,PA,District 16,2025-01-03,78,1948-05-10,"Bachelor of Arts, University of Notre Dame",Automobile dealership owner and operator,Unknown,Unknown,Individual/PAC contributions,"Tax reform and economic growth, Trade and manufacturing, Energy independence",Projected ~95%-99% Republican (High Cohesion),House Committee on Ways and Means; House Committee on Ways and Means (Subcommittee),"$19,266,515"
L000575,James Lankford,Senate,Republican,OK,Unknown,2023-01-03,58,1968-03-04,Master of Divinity (M.Div.) from Southwestern Baptist Theological Seminary,Director of Falls Creek Youth Camp and Southern Baptist minister,1155958.56,815426.72,Individual/PAC contributions,"Fiscal responsibility and government waste oversight, Border security and immigration reform, Religious liberty",Projected ~95%-99% Republican (High Cohesion),Senate Committee on Finance; Senate Committee on Finance (Subcommittee); Senate Committee on Homeland Security and Governmental Affairs; Senate Committee on Homeland Security and Governmental Affairs (Subcommittee); Senate Select Committee on Ethics; Senate Select Committee on Intelligence,N/A (No net worth disclosure provided in sources)
L000560,Rick Larsen,House,Democrat,WA,District 2,2025-01-03,61,1965-06-15,Master of Public Administration (MPA) from the University of Minnesota,"Director of Public Affairs for the Washington State Dental Association, Economic Development Specialist",Unknown,Unknown,Individual/PAC contributions,"Transportation and Infrastructure, Trade and Economic Growth, Environmental Protection and Puget Sound Recovery",Projected ~95%-99% Democratic (High Cohesion),House Committee on Transportation and Infrastructure,"$255,007"
L000557,John Larson,House,Democrat,CT,District 1,2025-01-03,78,1948-07-22,"Bachelor of Science in History and Education, Central Connecticut State University","High school history teacher, Insurance agency co-owner",Unknown,Unknown,Individual/PAC contributions,"Social Security preservation and expansion (Social Security 2100 Act), Manufacturing and job creation, Clean energy and infrastructure investment",Projected ~95%-99% Democratic (High Cohesion),House Committee on Ways and Means; House Committee on Ways and Means (Subcommittee),"$180,503"
L000566,Robert Latta,House,Republican,OH,District 5,2025-01-03,70,1956-04-18,Juris Doctor (J.D.) from the University of Toledo College of Law,Attorney in private practice,142934.0,138712.0,Individual/PAC contributions,"Energy and grid modernization, Telecommunications and rural broadband expansion, Agriculture and manufacturing job growth",Projected ~95%-99% Republican (High Cohesion),House Committee on Energy and Commerce; House Committee on Energy and Commerce (Subcommittee),N/A (No net worth disclosure provided in sources)
L000577,Mike Lee,Senate,Republican,UT,Unknown,2023-01-03,55,1971-06-04,Juris Doctor (J.D.) from Brigham Young University J. Reuben Clark Law School,"Attorney (including private practice, Assistant U.S. Attorney, and judicial law clerk)",Unknown,Unknown,Individual/PAC contributions,"Constitutional conservatism and originalism, Fiscal responsibility and federal spending reduction, Regulatory reform and federalism",Projected ~95%-99% Republican (High Cohesion),Senate Committee on Energy and Natural Resources; Senate Committee on Energy and Natural Resources (Subcommittee); Senate Committee on Foreign Relations; Senate Committee on Foreign Relations (Subcommittee); Senate Committee on the Budget; Senate Committee on the Judiciary; Senate Committee on the Judiciary (Subcommittee),"$111,002"
L000397,Zoe Lofgren,House,Democrat,CA,District 18,2025-01-03,78,1947-12-21,Juris Doctor (J.D.) from Santa Clara University School of Law,Immigration attorney and congressional staffer,Unknown,Unknown,Individual/PAC contributions,"Immigration reform, Technology policy and digital privacy, Government oversight and election integrity",Projected ~95%-99% Democratic (High Cohesion),"House Committee on Science, Space, and Technology; House Committee on the Judiciary; House Committee on the Judiciary (Subcommittee)",N/A (No net worth disclosure provided in sources)
L000491,Frank Lucas,House,Republican,OK,District 3,2025-01-03,66,1960-01-06,"B.S. in Agricultural Economics, Oklahoma State University",Farmer and Rancher,Unknown,Unknown,Individual/PAC contributions,"Agriculture and Farm Bill legislation, Science, Space, and Technology development, Financial Services and banking regulation",Projected ~95%-99% Republican (High Cohesion),House Committee on Agriculture; House Committee on Financial Services; House Committee on Agriculture (Subcommittee); House Committee on Financial Services (Subcommittee),"$397,502"
L000570,Ben Luján,Senate,Democrat,NM,Unknown,2021-01-03,54,1972-06-07,"Bachelor of Business Administration (B.B.A.), New Mexico Highlands University","Financial Analyst, Deputy State Treasurer",Unknown,Unknown,Individual/PAC contributions,"Healthcare access and affordability, Clean energy and environmental protection, Broadband expansion and telecommunications",Projected ~95%-99% Democratic (High Cohesion),"Senate Committee on Agriculture, Nutrition, and Forestry; Senate Committee on Agriculture, Nutrition, and Forestry (Subcommittee); Senate Committee on Commerce, Science, and Transportation; Senate Committee on Commerce, Science, and Transportation (Subcommittee); Senate Committee on Finance; Senate Committee on Finance (Subcommittee); Senate Committee on Indian Affairs; Senate Committee on the Budget; United States Senate Caucus on International Narcotics Control",N/A (No net worth disclosure provided in sources)
L000562,Stephen Lynch,House,Democrat,MA,District 8,2025-01-03,71,1955-03-31,Master of Public Administration (MPA) from Harvard University,Structural Ironworker and President of Ironworkers Local 7,Unknown,Unknown,Individual/PAC contributions,"Labor and Union Rights, Financial Services and Banking Regulation, National Security and Counterterrorism",Projected ~95%-99% Democratic (High Cohesion),House Committee on Oversight and Government Reform; House Committee on Financial Services; House Committee on Oversight and Accountability (Subcommittee); House Committee on Financial Services (Subcommittee),"$673,008"
M000133,Edward Markey,Senate,Democrat,MA,Unknown,2021-01-03,80,1946-07-11,Juris Doctor (J.D.) from Boston College Law School,Attorney,1091666.32,1110491.92,Individual/PAC contributions,"Climate change and environmental policy (co-author of the Green New Deal), Telecommunications, technology, and digital privacy, Consumer protection and clean energy",Projected ~95%-99% Democratic (High Cohesion),"Senate Committee on Commerce, Science, and Transportation; Senate Committee on Commerce, Science, and Transportation (Subcommittee); Senate Committee on Environment and Public Works; Senate Committee on Environment and Public Works (Subcommittee); Senate Committee on Health, Education, Labor, and Pensions; Senate Committee on Health, Education, Labor, and Pensions (Subcommittee); Senate Committee on Small Business and Entrepreneurship","$1,503,012"
M001163,Doris Matsui,House,Democrat,CA,District 7,2025-01-03,81,1944-09-25,"University of California, Berkeley (BA in Psychology)",Public service,Unknown,Unknown,Individual/PAC contributions,General legislative priorities,Projected ~95%-99% Democratic (High Cohesion),House Committee on Energy and Commerce; House Committee on Energy and Commerce (Subcommittee),"$1,309,009"
M001157,Michael McCaul,House,Republican,TX,District 10,2025-01-03,64,1962-01-14,Juris Doctor (J.D.) from St. Mary's University School of Law,Federal prosecutor and Deputy Attorney General of Texas,276975.57,408044.48,Individual/PAC contributions,"National Security and Foreign Affairs, Homeland and Border Security, Cybersecurity and Technology Innovation",Projected ~95%-99% Republican (High Cohesion),House Committee on Homeland Security; House Committee on Foreign Affairs; House Committee on Foreign Affairs (Subcommittee),"$500,624,461"
M001177,Tom McClintock,House,Republican,CA,District 5,2025-01-03,70,1956-07-10,"University of California, Los Angeles (BA in Political Science)",Public service,Unknown,Unknown,Individual/PAC contributions,General legislative priorities,Projected ~95%-99% Republican (High Cohesion),House Committee on Natural Resources; House Committee on the Judiciary; House Committee on the Budget; House Committee on Natural Resources (Subcommittee); House Committee on the Judiciary (Subcommittee),"-$30,498"
M001143,Betty McCollum,House,Democrat,MN,District 4,2025-01-03,72,1954-07-12,"Bachelor of Science in Social Science and Education, College of St. Catherine",High school social studies teacher and retail sales manager,Unknown,Unknown,Individual/PAC contributions,"Environmental protection and conservation, Federal funding for public education, Healthcare access and quality",Projected ~95%-99% Democratic (High Cohesion),House Committee on Appropriations; House Committee on Appropriations (Subcommittee),"$96,006"
M000312,James McGovern,House,Democrat,MA,District 2,2025-01-03,66,1959-11-20,Master of Public Administration (M.P.A.) from American University,Congressional aide and senior staff member to U.S. Representative Joe Moakley,Unknown,Unknown,Individual/PAC contributions,"Eradicating hunger and food insecurity, Global human rights advocacy, Agriculture and nutrition policy",Projected ~95%-99% Democratic (High Cohesion),House Committee on Agriculture; House Committee on Rules; House Committee on Agriculture (Subcommittee); House Committee on Rules (Subcommittee),"$3,228,506"
M001137,Gregory Meeks,House,Democrat,NY,District 5,2025-01-03,72,1953-09-25,Juris Doctor (J.D.) from Howard University School of Law,"Assistant District Attorney, Special Associate Prosecutor, and Attorney in private practice",Unknown,Unknown,Individual/PAC contributions,"Foreign Affairs and International Trade, Financial Services and Consumer Protection, Economic Development and Affordable Housing",Projected ~95%-99% Democratic (High Cohesion),House Committee on Financial Services; House Committee on Foreign Affairs; House Committee on Financial Services (Subcommittee),$0
M001160,Gwen Moore,House,Democrat,WI,District 4,2025-01-03,75,1951-04-18,"Bachelor of Arts in Political Science, Marquette University","Community organizer, housing activist, and neighborhood development specialist",Unknown,Unknown,Individual/PAC contributions,"Poverty alleviation and social welfare program advocacy, Women's health, safety, and reproductive rights, Economic development and financial services reform",Projected ~95%-99% Democratic (High Cohesion),Joint Economic Committee; House Committee on Ways and Means; House Committee on Ways and Means (Subcommittee),$0
M000934,Jerry Moran,Senate,Republican,KS,Unknown,2023-01-03,72,1954-05-29,"Juris Doctor (J.D.), University of Kansas School of Law","Private practice attorney, Rooks County Attorney",Unknown,Unknown,Individual/PAC contributions,"Agriculture and rural development, Veterans' affairs, Rural healthcare access",Projected ~95%-99% Republican (High Cohesion),"Senate Committee on Agriculture, Nutrition, and Forestry; Senate Committee on Agriculture, Nutrition, and Forestry (Subcommittee); Senate Committee on Appropriations; Senate Committee on Appropriations (Subcommittee); Senate Committee on Commerce, Science, and Transportation; Senate Committee on Commerce, Science, and Transportation (Subcommittee); Senate Committee on Indian Affairs; Senate Committee on Veterans' Affairs; Senate Select Committee on Intelligence","$777,009"
M001153,Lisa Murkowski,Senate,Republican,AK,Unknown,2023-01-03,69,1957-05-22,Juris Doctor (J.D.) from Willamette University College of Law,Attorney in private practice,Unknown,Unknown,Individual/PAC contributions,"Energy and Natural Resources, Arctic Development and Security, Healthcare and Bipartisan Infrastructure",Projected ~95%-99% Republican (High Cohesion),"Senate Committee on Appropriations; Senate Committee on Appropriations (Subcommittee); Senate Committee on Energy and Natural Resources; Senate Committee on Energy and Natural Resources (Subcommittee); Senate Committee on Health, Education, Labor, and Pensions; Senate Committee on Health, Education, Labor, and Pensions (Subcommittee); Senate Committee on Indian Affairs","$713,520"
M001169,Christopher Murphy,Senate,Democrat,CT,Unknown,2025-01-03,53,1973-08-03,Juris Doctor (J.D.) from the University of Connecticut School of Law,Attorney,86873.39,117046.79,Individual/PAC contributions,"Gun violence prevention, Foreign policy and national security, Healthcare reform and mental health advocacy",Projected ~95%-99% Democratic (High Cohesion),"Senate Committee on Appropriations; Senate Committee on Appropriations (Subcommittee); Senate Committee on Foreign Relations; Senate Committee on Foreign Relations (Subcommittee); Senate Committee on Health, Education, Labor, and Pensions; Senate Committee on Health, Education, Labor, and Pensions (Subcommittee)","$7,502"
M001111,Patty Murray,Senate,Democrat,WA,Unknown,2023-01-03,75,1950-10-11,"Bachelor of Arts in Physical Education, Washington State University",Preschool teacher and parenting education instructor,Unknown,Unknown,Individual/PAC contributions,"Education and affordable child care, Healthcare access and reproductive rights, Federal budget, appropriations, and economic security",Projected ~95%-99% Democratic (High Cohesion),"Senate Committee on Appropriations; Senate Committee on Appropriations (Subcommittee); Senate Committee on Health, Education, Labor, and Pensions; Senate Committee on Health, Education, Labor, and Pensions (Subcommittee); Senate Committee on the Budget; Senate Committee on Veterans' Affairs","$674,508"
N000002,Jerrold Nadler,House,Democrat,NY,District 12,2025-01-03,79,1947-06-13,"Columbia University (BA), Fordham University School of Law (JD)",Public service,Unknown,Unknown,Individual/PAC contributions,General legislative priorities,Projected ~95%-99% Democratic (High Cohesion),House Committee on Transportation and Infrastructure; House Committee on the Judiciary; House Committee on Transportation and Infrastructure (Subcommittee); House Committee on the Judiciary (Subcommittee),"$28,001"
N000015,Richard Neal,House,Democrat,MA,District 1,2025-01-03,77,1949-02-14,"American International College (BA in Political Science), University of Hartford (MPA)",Public service,2288096.26,2123903.62,Individual/PAC contributions,General legislative priorities,Projected ~95%-99% Democratic (High Cohesion),Joint Committee on Taxation; House Committee on Ways and Means,N/A (No net worth disclosure provided in sources)
N000147,Eleanor Norton,House,Democrat,DC,District 0,2025-01-03,89,1937-06-13,"Antioch College (BA), Yale University (MA, LLB)",Public service,53774.8,86859.94,Individual/PAC contributions,General legislative priorities,Projected ~95%-99% Democratic (High Cohesion),House Committee on Transportation and Infrastructure; House Committee on Oversight and Government Reform; House Committee on Transportation and Infrastructure (Subcommittee); House Committee on Oversight and Accountability (Subcommittee),N/A (No net worth disclosure provided in sources)
P000034,Frank Pallone,House,Democrat,NJ,District 6,2025-01-03,74,1951-10-30,Juris Doctor (J.D.) from Rutgers School of Law–Camden,Attorney in private practice specializing in maritime law,Unknown,Unknown,Individual/PAC contributions,"Healthcare reform and strengthening the Affordable Care Act, Environmental protection, climate change mitigation, and coastal preservation, Consumer protection and telecommunications infrastructure",Projected ~95%-99% Democratic (High Cohesion),House Committee on Energy and Commerce,"$789,027"
P000603,Rand Paul,Senate,Republican,KY,Unknown,2023-01-03,63,1963-01-07,"M.D., Duke University School of Medicine",Ophthalmologist,Unknown,Unknown,Individual/PAC contributions,"Fiscal conservatism and federal debt reduction, Protection of civil liberties and privacy rights, Non-interventionist foreign policy",Projected ~95%-99% Republican (High Cohesion),"Senate Committee on Foreign Relations; Senate Committee on Foreign Relations (Subcommittee); Senate Committee on Health, Education, Labor, and Pensions; Senate Committee on Health, Education, Labor, and Pensions (Subcommittee); Senate Committee on Homeland Security and Governmental Affairs; Senate Committee on Homeland Security and Governmental Affairs (Subcommittee); Senate Committee on Small Business and Entrepreneurship","$864,012"
P000197,Nancy Pelosi,House,Democrat,CA,District 11,2025-01-03,86,1940-03-26,"Bachelor of Arts in Political Science, Trinity College (now Trinity Washington University)","Political organizer, Democratic Party activist, and homemaker",Unknown,Unknown,Individual/PAC contributions,"Health care reform and expansion (including the Affordable Care Act), Climate change mitigation and green energy investment, Economic opportunity, infrastructure development, and support for working families",Projected ~95%-99% Democratic (High Cohesion),None assigned,"$94,162,532"
P000595,Gary Peters,Senate,Democrat,MI,Unknown,2021-01-03,67,1958-12-01,"Alma College (BA in Political Science), University of Detroit (MBA), Wayne State University (JD, MA), Michigan State University (MA)",Public service,Unknown,Unknown,Individual/PAC contributions,General legislative priorities,Projected ~95%-99% Democratic (High Cohesion),"Senate Committee on Appropriations; Senate Committee on Appropriations (Subcommittee); Senate Committee on Armed Services; Senate Committee on Armed Services (Subcommittee); Senate Committee on Commerce, Science, and Transportation; Senate Committee on Commerce, Science, and Transportation (Subcommittee); Senate Committee on Homeland Security and Governmental Affairs; Senate Committee on Homeland Security and Governmental Affairs (Subcommittee)","$2,562,581"
P000597,Chellie Pingree,House,Democrat,ME,District 1,2025-01-03,71,1955-04-02,"Bachelor of Science in Human Ecology, College of the Atlantic",Organic farmer and small business owner,Unknown,Unknown,Individual/PAC contributions,"Sustainable agriculture and local food systems, Environmental protection and climate change mitigation, Support for the arts and creative economy",Projected ~95%-99% Democratic (High Cohesion),House Committee on Agriculture; House Committee on Appropriations; House Committee on Agriculture (Subcommittee); House Committee on Appropriations (Subcommittee),"$88,544,030"
Q000023,Mike Quigley,House,Democrat,IL,District 5,2025-01-03,67,1958-10-17,"Roosevelt University (BA in Political Science), Loyola University Chicago (JD), University of Chicago (MPP)",Public service,Unknown,Unknown,Individual/PAC contributions,General legislative priorities,Projected ~95%-99% Democratic (High Cohesion),House Committee on Appropriations; House Permanent Select Committee on Intelligence; House Committee on Appropriations (Subcommittee); House Permanent Select Committee on Intelligence (Subcommittee),"$10,500"
R000395,Harold Rogers,House,Republican,KY,District 5,2025-01-03,88,1937-12-31,Juris Doctor (J.D.) from the University of Kentucky College of Law,"Attorney in private practice, Commonwealth's Attorney (Prosecutor) for Pulaski and Rockcastle Counties",849757.95,946293.21,Individual/PAC contributions,"Economic development in Southern and Eastern Kentucky (Appalachia), Combating prescription drug abuse and the opioid epidemic, Federal appropriations, infrastructure funding, and homeland security",Projected ~95%-99% Republican (High Cohesion),House Committee on Appropriations; House Committee on Appropriations (Subcommittee),N/A (No net worth disclosure provided in sources)
R000575,Mike Rogers,House,Republican,AL,District 3,2025-01-03,68,1958-07-16,Juris Doctor (J.D.) from Birmingham School of Law,Attorney,Unknown,Unknown,Individual/PAC contributions,"National Defense, Agriculture, Homeland Security",Projected ~95%-99% Republican (High Cohesion),House Committee on Armed Services,N/A (No net worth disclosure provided in sources)
S001176,Steve Scalise,House,Republican,LA,District 1,2025-01-03,60,1965-10-06,Bachelor of Science in Computer Science from Louisiana State University,Systems engineer and software developer,Unknown,Unknown,Individual/PAC contributions,"Energy independence and support for the oil and gas industry, Fiscal conservatism, including tax cuts and federal spending reduction, Protection of Second Amendment rights",Projected ~95%-99% Republican (High Cohesion),None assigned,"-$20,498"
S001145,Janice Schakowsky,House,Democrat,IL,District 9,2025-01-03,82,1944-05-26,"Bachelor of Science in Elementary Education, Northwestern University","Consumer advocate, executive director of the Illinois State Council of Senior Citizens, and elementary school teacher",Unknown,Unknown,Individual/PAC contributions,"Consumer protection and product safety, Healthcare reform and senior citizen advocacy, Women's rights and reproductive healthcare access",Projected ~95%-99% Democratic (High Cohesion),House Committee on Energy and Commerce; House Committee on Energy and Commerce (Subcommittee),N/A (No net worth disclosure provided in sources)
S001150,Adam Schiff,Senate,Democrat,CA,Unknown,2025-01-03,66,1960-06-22,Juris Doctor (J.D.) from Harvard Law School,Assistant U.S. Attorney (Federal Prosecutor),Unknown,Unknown,Individual/PAC contributions,"Protecting democratic institutions and the rule of law, National security and foreign policy, Affordable housing and addressing homelessness",Projected ~95%-99% Democratic (High Cohesion),"Senate Committee on Agriculture, Nutrition, and Forestry; Senate Committee on Agriculture, Nutrition, and Forestry (Subcommittee); Senate Committee on Environment and Public Works; Senate Committee on Environment and Public Works (Subcommittee); Senate Committee on Small Business and Entrepreneurship; Senate Committee on the Judiciary; Senate Committee on the Judiciary (Subcommittee)","$1,024,016"
S000148,Charles Schumer,Senate,Democrat,NY,Unknown,2023-01-03,75,1950-11-23,"Harvard College (BA in Social Studies), Harvard Law School (JD)",Public service,Unknown,Unknown,Individual/PAC contributions,General legislative priorities,Projected ~95%-99% Democratic (High Cohesion),Senate Committee on Rules and Administration; Senate Select Committee on Intelligence,"$150,000 - $2,500,000 (Based on 2023 disclosure)"
S001183,David Schweikert,House,Republican,AZ,District 1,2025-01-03,64,1962-03-03,"Master of Business Administration (MBA), Arizona State University",Real estate developer and financial business owner,Unknown,Unknown,Individual/PAC contributions,"Fiscal responsibility and national debt reduction, Tax reform and economic growth, Healthcare technology and cost reduction",Projected ~95%-99% Republican (High Cohesion),Joint Economic Committee; House Committee on Ways and Means; House Committee on Ways and Means (Subcommittee),"$3,170,006"
S001189,Austin Scott,House,Republican,GA,District 8,2025-01-03,56,1969-12-10,"Bachelor of Business Administration in Risk Management and Insurance, University of Georgia","Insurance broker, Business owner",Unknown,Unknown,Individual/PAC contributions,"Agriculture and forestry, National defense and military support, Economic development and fiscal responsibility",Projected ~95%-99% Republican (High Cohesion),House Committee on Agriculture; House Committee on Armed Services; House Permanent Select Committee on Intelligence; House Committee on Rules; House Committee on Agriculture (Subcommittee); House Committee on Armed Services (Subcommittee); House Permanent Select Committee on Intelligence (Subcommittee); House Committee on Rules (Subcommittee),"$1,821,618"
S000185,Robert Scott,House,Democrat,VA,District 3,2025-01-03,79,1947-04-30,"Harvard University (BA), Boston College Law School (JD)",Public service,Unknown,Unknown,Individual/PAC contributions,General legislative priorities,Projected ~95%-99% Democratic (High Cohesion),House Committee on Education and Workforce; House Committee on the Budget,"$414,531"
S001184,Tim Scott,Senate,Republican,SC,Unknown,2023-01-03,60,1965-09-19,"Bachelor of Science in Political Science, Charleston Southern University",Insurance agency owner and financial advisor,Unknown,Unknown,Individual/PAC contributions,"Opportunity Zones and economic development in distressed communities, School choice and education reform, Tax reform and fiscal conservatism",Projected ~95%-99% Republican (High Cohesion),"Senate Committee on Banking, Housing, and Urban Affairs; Senate Committee on Banking, Housing, and Urban Affairs (Subcommittee); Senate Committee on Finance; Senate Committee on Finance (Subcommittee); Senate Committee on Health, Education, Labor, and Pensions; Senate Committee on Health, Education, Labor, and Pensions (Subcommittee); Senate Committee on Small Business and Entrepreneurship","$3,598,007"
S001185,Terri Sewell,House,Democrat,AL,District 7,2025-01-03,61,1965-01-01,"Princeton University (BA in Public Affairs), St Hilda's College, Oxford (MSt), Harvard Law School (JD)",Public service,Unknown,Unknown,Individual/PAC contributions,General legislative priorities,Projected ~95%-99% Democratic (High Cohesion),Joint Committee on Printing; House Committee on Ways and Means; House Committee on House Administration; Committee on House Administration (Subcommittee); House Committee on Ways and Means (Subcommittee),"$183,507"
S000344,Brad Sherman,House,Democrat,CA,District 32,2025-01-03,71,1954-10-24,Juris Doctor (J.D.) from Harvard Law School,Tax Attorney and Certified Public Accountant (CPA),Unknown,Unknown,Individual/PAC contributions,"Financial services regulation and consumer protection, Foreign affairs and international relations, Fiscal policy and tax reform",Projected ~95%-99% Democratic (High Cohesion),House Committee on Financial Services; House Committee on Foreign Affairs; House Committee on Foreign Affairs (Subcommittee); House Committee on Financial Services (Subcommittee),N/A (No net worth disclosure provided in sources)
S001148,Michael Simpson,House,Republican,ID,District 2,2025-01-03,75,1950-09-08,Doctor of Dental Surgery (D.D.S.) from Washington University School of Dental Medicine,Dentist,Unknown,Unknown,Individual/PAC contributions,"Energy and Nuclear Power (specifically supporting the Idaho National Laboratory), Natural Resources, Public Lands, and Water Conservation, Federal Appropriations and Budgeting",Projected ~95%-99% Republican (High Cohesion),House Committee on Appropriations; House Committee on Appropriations (Subcommittee),N/A (No net worth disclosure provided in sources)
S000510,Adam Smith,House,Democrat,WA,District 9,2025-01-03,61,1965-06-15,Juris Doctor (J.D.) from the University of Washington School of Law,"Attorney, Prosecutor for the City of Seattle",1882001.47,1583205.56,Individual/PAC contributions,"National Security and Defense, Healthcare Access and Affordability, Economic Opportunity and Strengthening the Middle Class",Projected ~95%-99% Democratic (High Cohesion),House Committee on Armed Services,"$764,005"
S001172,Adrian Smith,House,Republican,NE,District 3,2025-01-03,55,1970-12-19,"Bachelor of Science in Business Administration, University of Nebraska-Lincoln","Real estate agent, Marketing specialist",Unknown,Unknown,Individual/PAC contributions,"Agriculture and rural development, Tax reform and international trade, Rural healthcare access",Projected ~95%-99% Republican (High Cohesion),Joint Committee on Taxation; House Committee on Ways and Means; House Committee on Ways and Means (Subcommittee),"$153,505"
S000522,Christopher Smith,House,Republican,NJ,District 4,2025-01-03,73,1953-03-04,The College of New Jersey (BS in Business Administration),Public service,592016.19,467765.2,Individual/PAC contributions,General legislative priorities,Projected ~95%-99% Republican (High Cohesion),House Committee on Foreign Affairs; House Committee on Foreign Affairs (Subcommittee),N/A (No net worth disclosure provided in sources)
S001156,Linda Sánchez,House,Democrat,CA,District 38,2025-01-03,57,1969-01-28,"Juris Doctor (J.D.) from the University of California, Los Angeles (UCLA) School of Law",Labor attorney and labor union organizer,Unknown,Unknown,Individual/PAC contributions,"Labor and working families, Immigration reform, Education and child safety",Projected ~95%-99% Democratic (High Cohesion),House Committee on Ways and Means; House Committee on Ways and Means (Subcommittee),"$275,509"
T000193,Bennie Thompson,House,Democrat,MS,District 2,2025-01-03,78,1948-01-28,"Master of Science (M.S.) in Educational Administration, Jackson State University",Public school teacher,Unknown,Unknown,Individual/PAC contributions,"Homeland Security and Disaster Response, Civil Rights and Voting Rights, Agriculture and Rural Economic Development",Projected ~95%-99% Democratic (High Cohesion),House Committee on Homeland Security,"$756,513"
T000460,Mike Thompson,House,Democrat,CA,District 4,2025-01-03,75,1951-01-24,"Master of Public Administration (M.P.A.) from California State University, Chico","Vineyard owner and grape grower, U.S. Army staff sergeant, University instructor",4203207.13,4337064.87,Individual/PAC contributions,"Gun violence prevention, Tax and fiscal policy, Agriculture and environmental conservation",Projected ~95%-99% Democratic (High Cohesion),House Committee on Ways and Means; House Committee on Ways and Means (Subcommittee),N/A (No net worth disclosure provided in sources)
T000467,Glenn Thompson,House,Republican,PA,District 15,2025-01-03,67,1959-07-27,Master of Education (M.Ed.) from Temple University,Rehabilitation therapist and licensed nursing home administrator,Unknown,Unknown,Individual/PAC contributions,"Agriculture and Forestry, Career and Technical Education (CTE), Rural Healthcare Access",Projected ~95%-99% Republican (High Cohesion),House Committee on Agriculture; House Committee on Education and Workforce; House Committee on Education and the Workforce (Subcommittee),N/A (No net worth disclosure provided in sources)
T000250,John Thune,Senate,Republican,SD,Unknown,2023-01-03,65,1961-01-07,"Biola University (BS in Business), University of South Dakota (MBA)",Public service,20105400.0,7534224.19,"Finance, insurance, private equity (Blackstone)","Filibuster preservation, domestic energy production, agricultural support, tax reform",98% Republican / 2% Democratic,"Senate Committee on Agriculture, Nutrition, and Forestry; Senate Committee on Agriculture, Nutrition, and Forestry (Subcommittee); Senate Committee on Commerce, Science, and Transportation; Senate Committee on Commerce, Science, and Transportation (Subcommittee); Senate Committee on Finance; Senate Committee on Finance (Subcommittee); Senate Select Committee on Intelligence","$345,008 (historical average) / $18.5M cash on hand"
T000469,Paul Tonko,House,Democrat,NY,District 20,2025-01-03,77,1949-06-18,"Bachelor of Science in Mechanical Engineering, Clarkson University","Mechanical Engineer, New York State Department of Transportation",Unknown,Unknown,Individual/PAC contributions,"Clean Energy and Climate Change, Water Infrastructure and Environmental Protection, Addiction Treatment and Mental Health Reform",Projected ~95%-99% Democratic (High Cohesion),House Committee on Energy and Commerce; House Committee on the Budget; House Committee on Energy and Commerce (Subcommittee),"$8,000"
T000463,Michael Turner,House,Republican,OH,District 10,2025-01-03,66,1960-01-11,"Ohio Northern University (BA in Political Science), Case Western Reserve University (JD), University of Dayton (MBA)",Public service,894594.6,768735.49,Individual/PAC contributions,General legislative priorities,Projected ~95%-99% Republican (High Cohesion),House Committee on Armed Services; House Committee on Oversight and Government Reform; House Committee on Oversight and Accountability (Subcommittee); House Committee on Armed Services (Subcommittee),"$674,534"
V000128,Chris Van Hollen,Senate,Democrat,MD,Unknown,2023-01-03,67,1959-01-10,Juris Doctor (J.D.) from Georgetown University Law Center,Attorney and legislative assistant,Unknown,Unknown,Individual/PAC contributions,"Education funding and reform, Environmental protection and climate action, Economic opportunity and progressive tax reform",Projected ~95%-99% Democratic (High Cohesion),"Senate Committee on Appropriations; Senate Committee on Appropriations (Subcommittee); Senate Committee on Banking, Housing, and Urban Affairs; Senate Committee on Banking, Housing, and Urban Affairs (Subcommittee); Senate Committee on Foreign Relations; Senate Committee on Foreign Relations (Subcommittee); Senate Committee on the Budget",N/A (No net worth disclosure provided in sources)
V000081,Nydia Velázquez,House,Democrat,NY,District 7,2025-01-03,73,1953-03-28,"Master of Arts in Political Science, New York University",University Professor,Unknown,Unknown,Individual/PAC contributions,"Small Business Support, Puerto Rico Advocacy and Relief, Affordable Housing",Projected ~95%-99% Democratic (High Cohesion),House Committee on Financial Services; House Committee on Small Business; House Committee on Financial Services (Subcommittee),"-$146,999"
W000798,Tim Walberg,House,Republican,MI,District 5,2025-01-03,75,1951-04-12,Master of Arts in Communications from Wheaton College,"Pastor, Division Manager for the Moody Bible Institute",Unknown,Unknown,Individual/PAC contributions,"Fiscal Responsibility and Tax Reform, Energy Independence and Grid Reliability, Agriculture and Rural Development",Projected ~95%-99% Republican (High Cohesion),House Committee on Natural Resources; House Committee on Education and Workforce; House Committee on Natural Resources (Subcommittee),"$249,511"
W000797,Debbie Wasserman Schultz,House,Democrat,FL,District 25,2025-01-03,59,1966-09-27,Master of Arts (M.A.) in Political Science from the University of Florida,"Legislative Aide, Graduate Assistant",Unknown,Unknown,Individual/PAC contributions,"Healthcare and Breast Cancer Awareness, Gun Safety and Violence Prevention, LGBTQ+ Equality and Civil Rights",Projected ~95%-99% Democratic (High Cohesion),House Committee on Appropriations; House Committee on Foreign Affairs; House Committee on Appropriations (Subcommittee),"-$126,495"
W000187,Maxine Waters,House,Democrat,CA,District 43,2025-01-03,87,1938-08-15,"Bachelor of Arts in Sociology, California State University, Los Angeles",Head Start program coordinator and community organizer,863682.82,710470.47,Individual/PAC contributions,"Financial services and affordable housing, Civil rights and racial justice, Poverty reduction and economic empowerment",Projected ~95%-99% Democratic (High Cohesion),House Committee on Financial Services,"$972,007"
W000806,Daniel Webster,House,Republican,FL,District 11,2025-01-03,77,1949-04-27,"Bachelor of Electrical Engineering, Georgia Institute of Technology",Owner and operator of Webster Air Conditioning & Heating,Unknown,Unknown,Individual/PAC contributions,"Fiscal responsibility and federal budget reform, Infrastructure and transportation development, Family values and religious liberty",Projected ~95%-99% Republican (High Cohesion),"House Committee on Natural Resources; House Committee on Transportation and Infrastructure; House Committee on Science, Space, and Technology; House Committee on Natural Resources (Subcommittee); House Committee on Transportation and Infrastructure (Subcommittee); House Committee on Science, Space, and Technology (Subcommittee)","$430,504"
W000800,Peter Welch,Senate,Democrat,VT,Unknown,2023-01-03,79,1947-05-02,"Juris Doctor (J.D.) from the University of California, Berkeley School of Law",Attorney and public defender,Unknown,Unknown,Individual/PAC contributions,"Healthcare reform and lowering prescription drug costs, Climate change mitigation and renewable energy expansion, Consumer protection and economic affordability",Projected ~95%-99% Democratic (High Cohesion),"Senate Committee on Agriculture, Nutrition, and Forestry; Senate Committee on Agriculture, Nutrition, and Forestry (Subcommittee); Senate Committee on Finance; Senate Committee on Finance (Subcommittee); Senate Committee on Rules and Administration; Senate Committee on the Judiciary; Senate Committee on the Judiciary (Subcommittee)","$4,602,548"
W000795,Joe Wilson,House,Republican,SC,District 2,2025-01-03,79,1947-07-31,"Washington and Lee University (BA in Political Science), University of South Carolina School of Law (JD)",Public service,Unknown,Unknown,Individual/PAC contributions,General legislative priorities,Projected ~95%-99% Republican (High Cohesion),House Committee on Armed Services; House Committee on Foreign Affairs; House Committee on Education and Workforce; House Committee on Armed Services (Subcommittee); House Committee on Education and the Workforce (Subcommittee); House Committee on Foreign Affairs (Subcommittee),"$696,003"
W000808,Frederica Wilson,House,Democrat,FL,District 24,2025-01-03,83,1942-11-05,"Master of Science in Elementary Education, University of Miami",Elementary School Teacher and Principal,Unknown,Unknown,Individual/PAC contributions,"Education and Youth Mentoring, Gun Violence Prevention, Civil and Human Rights",Projected ~95%-99% Democratic (High Cohesion),House Committee on Transportation and Infrastructure; House Committee on Education and Workforce; House Committee on Transportation and Infrastructure (Subcommittee); House Committee on Education and the Workforce (Subcommittee),"$954,005"
W000804,Robert Wittman,House,Republican,VA,District 1,2025-01-03,67,1959-02-03,Ph.D. in Public Policy and Administration from Virginia Commonwealth University,Environmental health specialist and public health administrator for the Virginia Department of Health,Unknown,Unknown,Individual/PAC contributions,"National Security and Military Readiness, Chesapeake Bay Restoration and Environmental Conservation, Rural Broadband Expansion and Infrastructure",Projected ~95%-99% Republican (High Cohesion),House Committee on Natural Resources; House Committee on Armed Services; House Committee on Natural Resources (Subcommittee); House Select Committee on the Strategic Competition Between the United States and the Chinese Communist Party; House Committee on Armed Services (Subcommittee),N/A (No net worth disclosure provided in sources)
W000809,Steve Womack,House,Republican,AR,District 3,2025-01-03,69,1957-02-18,"Bachelor of Arts in Broadcast Journalism, Arkansas Tech University","Radio station manager, Arkansas National Guard officer",Unknown,Unknown,Individual/PAC contributions,"Federal budget and fiscal responsibility, National defense and military readiness, Agriculture and infrastructure",Projected ~95%-99% Republican (High Cohesion),House Committee on Appropriations; House Committee on Appropriations (Subcommittee),"$97,003"
W000779,Ron Wyden,Senate,Democrat,OR,Unknown,2023-01-03,77,1949-05-03,Juris Doctor (J.D.) from the University of Oregon School of Law,"Elderly rights advocate, co-founder of the Oregon Gray Panthers, and director of Oregon Legal Services for the Elderly",7554494.0,7109278.0,Individual/PAC contributions,"Digital privacy and technology policy, Healthcare reform and prescription drug pricing, Tax code reform and economic policy",Projected ~95%-99% Democratic (High Cohesion),Senate Committee on Energy and Natural Resources; Senate Committee on Energy and Natural Resources (Subcommittee); Senate Committee on Finance; Senate Committee on Finance (Subcommittee); Senate Committee on the Budget; Joint Committee on Taxation; Senate Select Committee on Intelligence,"$38,370,525"
Y000064,Todd Young,Senate,Republican,IN,Unknown,2023-01-03,53,1972-08-24,Juris Doctor (J.D.) from Indiana University Robert H. McKinney School of Law,U.S. Marine Corps Officer and Attorney,Unknown,Unknown,Individual/PAC contributions,"National Security and Foreign Policy, Economic Growth and Workforce Development, Technology and Innovation",Projected ~95%-99% Republican (High Cohesion),"Senate Committee on Commerce, Science, and Transportation; Senate Committee on Commerce, Science, and Transportation (Subcommittee); Senate Committee on Finance; Senate Committee on Finance (Subcommittee); Senate Committee on Small Business and Entrepreneurship; Senate Select Committee on Intelligence",N/A (No net worth disclosure provided in sources)
A000369,Mark Amodei,House,Republican,NV,District 2,2025-01-03,68,1958-06-12,"Juris Doctor (J.D.) from McGeorge School of Law, University of the Pacific","U.S. Army Judge Advocate General's (JAG) Corps Officer, Attorney in private practice, President of the Nevada Mining Association",525367.7,513949.91,Individual/PAC contributions,"Federal land management and natural resources, Mining and economic development, Veterans affairs and military support",Projected ~95%-99% Republican (High Cohesion),House Committee on Natural Resources; House Committee on Appropriations; House Committee on Natural Resources (Subcommittee); House Committee on Appropriations (Subcommittee),N/A (No net worth disclosure provided in sources)
B001278,Suzanne Bonamici,House,Democrat,OR,District 1,2025-01-03,71,1954-10-14,Juris Doctor (J.D.) from the University of Oregon School of Law,Consumer protection attorney at the Federal Trade Commission and private practice lawyer,816770.24,790299.1,Individual/PAC contributions,"Education and STEAM (Science, Technology, Engineering, Arts, and Math), Climate change and ocean health, Consumer protection and retirement security",Projected ~95%-99% Democratic (High Cohesion),"House Committee on Science, Space, and Technology; House Committee on Education and Workforce; House Committee on Science, Space, and Technology (Subcommittee); House Committee on Education and the Workforce (Subcommittee)","$3,897,018"
D000617,Suzan DelBene,House,Democrat,WA,District 1,2025-01-03,64,1962-02-17,"Reed College (BA in Biology), University of Washington (MBA)",Public service,Unknown,Unknown,Individual/PAC contributions,General legislative priorities,Projected ~95%-99% Democratic (High Cohesion),House Committee on Ways and Means; House Committee on Ways and Means (Subcommittee),"$53,234,032"
M001184,Thomas Massie,House,Republican,KY,District 4,2025-01-03,55,1971-01-13,Master of Science in Mechanical Engineering from the Massachusetts Institute of Technology (MIT),"Technology entrepreneur, inventor, and founder of SensAble Technologies",Unknown,Unknown,Individual/PAC contributions,"Fiscal conservatism and federal debt reduction, Second Amendment advocacy and gun rights, Civil liberties, privacy, and opposition to government surveillance",Projected ~95%-99% Republican (High Cohesion),House Committee on Transportation and Infrastructure; House Committee on the Judiciary; House Committee on Transportation and Infrastructure (Subcommittee); House Committee on the Judiciary (Subcommittee),"$2,825,000"
S001194,Brian Schatz,Senate,Democrat,HI,Unknown,2023-01-03,53,1972-10-20,"Bachelor of Arts in Philosophy, Pomona College",Nonprofit director and teacher,Unknown,Unknown,Individual/PAC contributions,"Climate change and clean energy, Healthcare access, Native Hawaiian affairs",Projected ~95%-99% Democratic (High Cohesion),"Senate Committee on Appropriations; Senate Committee on Appropriations (Subcommittee); Senate Committee on Commerce, Science, and Transportation; Senate Committee on Commerce, Science, and Transportation (Subcommittee); Senate Committee on Foreign Relations; Senate Committee on Foreign Relations (Subcommittee); Senate Committee on Indian Affairs; Senate Select Committee on Ethics",N/A (No net worth disclosure provided in sources)
F000454,Bill Foster,House,Democrat,IL,District 11,2025-01-03,70,1955-10-07,Ph.D. in Physics from Harvard University,Particle physicist at Fermilab and entrepreneur (co-founder of Electronic Theatre Controls),Unknown,Unknown,Individual/PAC contributions,"Science, technology, and innovation policy, Financial services regulation and consumer protection, Fiscal responsibility and economic growth",Projected ~95%-99% Democratic (High Cohesion),"House Committee on Science, Space, and Technology; House Committee on Financial Services; House Committee on Financial Services (Subcommittee)","$17,891,011"
T000468,Dina Titus,House,Democrat,NV,District 1,2025-01-03,76,1950-05-23,Ph.D. in Political Science from Florida State University,"Political Science Professor at the University of Nevada, Las Vegas (UNLV)",Unknown,Unknown,Individual/PAC contributions,"Transportation and Infrastructure, Animal Welfare, Education and Civil Rights",Projected ~95%-99% Democratic (High Cohesion),House Committee on Transportation and Infrastructure; House Committee on Foreign Affairs; House Committee on Transportation and Infrastructure (Subcommittee); House Committee on Foreign Affairs (Subcommittee),"$5,376,028"
C001095,Tom Cotton,Senate,Republican,AR,Unknown,2021-01-03,49,1977-05-13,Juris Doctor (J.D.) from Harvard Law School,"U.S. Army Officer, Attorney, Management Consultant",Unknown,Unknown,Individual/PAC contributions,"National Security and Foreign Policy, Immigration Enforcement and Border Security, Law Enforcement and Criminal Justice",Projected ~95%-99% Republican (High Cohesion),Senate Committee on Armed Services; Senate Committee on Armed Services (Subcommittee); Senate Committee on Energy and Natural Resources; Senate Committee on Energy and Natural Resources (Subcommittee); Joint Economic Committee; Senate Select Committee on Intelligence,N/A (No net worth disclosure provided in sources)
H001068,Jared Huffman,House,Democrat,CA,District 2,2025-01-03,62,1964-02-18,Juris Doctor (J.D.) from Boston College Law School,Environmental attorney and public interest lawyer,Unknown,Unknown,Individual/PAC contributions,"Environmental protection and climate change mitigation, Public lands, oceans, and wildlife conservation, Water resource management and infrastructure",Projected ~95%-99% Democratic (High Cohesion),House Committee on Natural Resources; House Committee on Transportation and Infrastructure; House Committee on Natural Resources (Subcommittee); House Committee on Transportation and Infrastructure (Subcommittee),"$462,509"
B001287,Ami Bera,House,Democrat,CA,District 6,2025-01-03,61,1965-03-02,"Doctor of Medicine (M.D.), University of California, Irvine","Physician, Chief Medical Officer for Sacramento County, and Associate Dean for Admissions at UC Davis School of Medicine",Unknown,Unknown,Individual/PAC contributions,"Healthcare access and public health, Foreign policy and national security (specifically Indo-Pacific relations), Economic growth and job creation",Projected ~95%-99% Democratic (High Cohesion),House Permanent Select Committee on Intelligence; House Committee on Foreign Affairs; House Committee on Foreign Affairs (Subcommittee); House Permanent Select Committee on Intelligence (Subcommittee),"$3,616,543"
B001285,Julia Brownley,House,Democrat,CA,District 26,2025-01-03,73,1952-08-28,Master of Business Administration (MBA) from American University,Marketing and sales executive,593205.07,647359.17,Individual/PAC contributions,"Veterans' affairs, Environmental protection and climate change, Public education",Projected ~95%-99% Democratic (High Cohesion),House Committee on Natural Resources; House Committee on Transportation and Infrastructure; House Committee on Veterans' Affairs; House Committee on Natural Resources (Subcommittee); House Committee on Transportation and Infrastructure (Subcommittee); House Committee on Veterans' Affairs (Subcommittee),"$1,322,014"
R000599,Raul Ruiz,House,Democrat,CA,District 25,2025-01-03,53,1972-08-25,"University of California, Los Angeles (BS), Harvard Medical School (MD), Harvard Kennedy School (MPP), Harvard Chan School (MPH)",Public service,2093907.02,1240151.98,Individual/PAC contributions,General legislative priorities,Projected ~95%-99% Democratic (High Cohesion),House Committee on Energy and Commerce; House Committee on Energy and Commerce (Subcommittee),"$326,505"
T000472,Mark Takano,House,Democrat,CA,District 39,2025-01-03,65,1960-12-10,"Master of Fine Arts (MFA) from the University of California, Riverside",Public school teacher,Unknown,Unknown,Individual/PAC contributions,"Veterans' affairs and healthcare, Education and workforce development, LGBTQ+ rights and equality",Projected ~95%-99% Democratic (High Cohesion),House Committee on Veterans' Affairs; House Committee on Education and Workforce; House Committee on Education and the Workforce (Subcommittee),"$11,501"
V000130,Juan Vargas,House,Democrat,CA,District 52,2025-01-03,65,1961-03-07,Juris Doctor (J.D.) from Harvard Law School,"Attorney, Insurance Executive",568519.67,495684.42,Individual/PAC contributions,"Immigration Reform, Financial Services and Consumer Protection, Healthcare Access",Projected ~95%-99% Democratic (High Cohesion),House Committee on Financial Services; House Committee on Financial Services (Subcommittee),"$1,553,505"
P000608,Scott Peters,House,Democrat,CA,District 50,2025-01-03,68,1958-06-17,"Duke University (BA in Political Science), New York University School of Law (JD)",Public service,Unknown,Unknown,Individual/PAC contributions,General legislative priorities,Projected ~95%-99% Democratic (High Cohesion),House Committee on Energy and Commerce; House Committee on the Budget; House Committee on Energy and Commerce (Subcommittee),"$86,224,049"
F000462,Lois Frankel,House,Democrat,FL,District 22,2025-01-03,78,1948-05-16,Juris Doctor (J.D.) from Georgetown University Law Center,Attorney in private practice,Unknown,Unknown,Individual/PAC contributions,"Women's rights and reproductive freedom, Healthcare and seniors' advocacy, Foreign affairs and U.S.-Israel relations",Projected ~95%-99% Democratic (High Cohesion),House Committee on Appropriations; House Committee on Appropriations (Subcommittee),"$1,618,011"
D000622,Tammy Duckworth,Senate,Democrat,IL,Unknown,2023-01-03,58,1968-03-12,"University of Hawaii at Manoa (BA in Political Science), George Washington University (MA), Northern Illinois University (Ph.D.)",Public service,Unknown,Unknown,Individual/PAC contributions,General legislative priorities,Projected ~95%-99% Democratic (High Cohesion),"Senate Committee on Armed Services; Senate Committee on Armed Services (Subcommittee); Senate Committee on Commerce, Science, and Transportation; Senate Committee on Commerce, Science, and Transportation (Subcommittee); Senate Committee on Foreign Relations; Senate Committee on Foreign Relations (Subcommittee); Senate Committee on Veterans' Affairs","$471,022"
B001282,Garland Barr,House,Republican,KY,District 6,2025-01-03,53,1973-07-24,Juris Doctor (J.D.) from the University of Kentucky College of Law,Attorney in private practice and Deputy General Counsel to the Governor of Kentucky,Unknown,Unknown,Individual/PAC contributions,"Financial services and banking regulation, national security and countering China, and advocacy for the horse racing and agricultural industries",Projected ~95%-99% Republican (High Cohesion),House Committee on Financial Services; House Committee on Foreign Affairs; House Select Committee on the Strategic Competition Between the United States and the Chinese Communist Party; House Committee on Foreign Affairs (Subcommittee); House Committee on Financial Services (Subcommittee),N/A (No net worth disclosure provided in sources)
W000817,Elizabeth Warren,Senate,Democrat,MA,Unknown,2025-01-03,77,1949-06-22,"J.D., Rutgers Law School",Law Professor and Consumer Protection Advocate,Unknown,Unknown,Individual/PAC contributions,"Consumer protection and financial system reform, Economic inequality and wealth tax implementation, Healthcare access and affordability",Projected ~95%-99% Democratic (High Cohesion),"Senate Committee on Armed Services; Senate Committee on Armed Services (Subcommittee); Senate Committee on Banking, Housing, and Urban Affairs; Senate Committee on Banking, Housing, and Urban Affairs (Subcommittee); Senate Committee on Finance; Senate Committee on Finance (Subcommittee); Senate Special Committee on Aging","$9,652,512"
K000383,Angus King,Senate,Independent,ME,Unknown,2025-01-03,82,1944-03-31,Juris Doctor (J.D.) from the University of Virginia School of Law,Attorney and energy conservation entrepreneur,Unknown,Unknown,Individual/PAC contributions,"Climate change and renewable energy, National security and intelligence, Rural broadband and infrastructure expansion",Projected caucuses with Democrats (Historical ~90%-95% alignment),Senate Committee on Armed Services; Senate Committee on Armed Services (Subcommittee); Senate Committee on Energy and Natural Resources; Senate Committee on Energy and Natural Resources (Subcommittee); Senate Committee on Veterans' Affairs; Senate Select Committee on Intelligence,"$16,023,078"
W000812,Ann Wagner,House,Republican,MO,District 2,2025-01-03,63,1962-09-13,"Bachelor of Science in Business Administration (BSBA), University of Missouri","Business analyst and marketing manager at Hallmark Cards and Ralston Purina, Political party executive (Chair of the Missouri Republican Party and Co-Chair of the Republican National Committee)",Unknown,Unknown,Individual/PAC contributions,"Combating human trafficking and online child exploitation, Financial services regulation and capital markets access, Pro-life advocacy and family support",Projected ~95%-99% Republican (High Cohesion),House Permanent Select Committee on Intelligence; House Committee on Financial Services; House Committee on Financial Services (Subcommittee); House Permanent Select Committee on Intelligence (Subcommittee),"$5,361,043"
D000618,Steve Daines,Senate,Republican,MT,Unknown,2021-01-03,63,1962-08-20,"Bachelor of Science in Chemical Engineering, Montana State University",Business executive at Procter & Gamble and RightNow Technologies,1830490.65,2021595.6,Individual/PAC contributions,"Energy and natural resources development, Public lands and conservation, Economic growth and job creation",Projected ~95%-99% Republican (High Cohesion),Senate Committee on Energy and Natural Resources; Senate Committee on Energy and Natural Resources (Subcommittee); Senate Committee on Finance; Senate Committee on Finance (Subcommittee); Senate Committee on Foreign Relations; Senate Committee on Foreign Relations (Subcommittee); Senate Committee on Indian Affairs,"$13,847,505"
H001067,Richard Hudson,House,Republican,NC,District 9,2025-01-03,54,1971-11-04,"Bachelor of Arts in History and Political Science, University of North Carolina at Charlotte",Congressional Chief of Staff and Political Consultant,Unknown,Unknown,Individual/PAC contributions,"Second Amendment Rights, Military and Veterans Affairs, Energy and Commerce",Projected ~95%-99% Republican (High Cohesion),House Committee on Energy and Commerce; House Committee on Energy and Commerce (Subcommittee),"$130,500"
C001096,Kevin Cramer,Senate,Republican,ND,Unknown,2025-01-03,65,1961-01-21,"Master of Arts in Management, University of Mary","State Tourism Director, Economic Development Director, Political Campaign and Party Administrator",Unknown,Unknown,Individual/PAC contributions,"Energy Independence and Deregulation, Agricultural Support and Trade, National Defense and Military Infrastructure",Projected ~95%-99% Republican (High Cohesion),"Senate Committee on Armed Services; Senate Committee on Armed Services (Subcommittee); Senate Committee on Banking, Housing, and Urban Affairs; Senate Committee on Banking, Housing, and Urban Affairs (Subcommittee); Senate Committee on Environment and Public Works; Senate Committee on Environment and Public Works (Subcommittee); Senate Committee on Veterans' Affairs",N/A (No net worth disclosure provided in sources)
F000463,Deb Fischer,Senate,Republican,NE,Unknown,2025-01-03,75,1951-03-01,"Bachelor of Science in Education, University of Nebraska-Lincoln",Rancher and co-owner of Sunny Slope Ranch,Unknown,Unknown,Individual/PAC contributions,"Agriculture and Rural Development, National Defense and Military Readiness, Infrastructure and Transportation",Projected ~95%-99% Republican (High Cohesion),"Senate Committee on Agriculture, Nutrition, and Forestry; Senate Committee on Agriculture, Nutrition, and Forestry (Subcommittee); Senate Committee on Appropriations; Senate Committee on Appropriations (Subcommittee); Senate Committee on Armed Services; Senate Committee on Armed Services (Subcommittee); Senate Committee on Commerce, Science, and Transportation; Senate Committee on Commerce, Science, and Transportation (Subcommittee); Senate Committee on Rules and Administration; Joint Committee on Printing; Joint Committee of Congress on the Library; Senate Select Committee on Ethics","$323,501"
M001188,Grace Meng,House,Democrat,NY,District 6,2025-01-03,50,1975-10-01,Juris Doctor (J.D.) from Yeshiva University's Benjamin N. Cardozo School of Law,Attorney in public interest and private practice,Unknown,Unknown,Individual/PAC contributions,"Asian American and Pacific Islander (AAPI) advocacy and civil rights, Family and children's issues (including childcare and paid leave), Infrastructure and environmental protection",Projected ~95%-99% Democratic (High Cohesion),House Committee on Appropriations; House Committee on Appropriations (Subcommittee),N/A (No net worth disclosure provided in sources)
J000294,Hakeem Jeffries,House,Democrat,NY,District 8,2025-01-03,56,1970-08-04,"Binghamton University (BA in Political Science), Georgetown University (MPP), New York University School of Law (JD)",Public service,Unknown,Unknown,"Corporate PACs, trial lawyers, labor unions","Criminal justice reform, First Step Act expansion, healthcare subsidy extension",99% Democratic / 1% Republican,None assigned,"$500,000 - $1,500,000 (Based on public administration ranges)"
B001281,Joyce Beatty,House,Democrat,OH,District 3,2025-01-03,76,1950-03-12,"Master of Science in Counseling, Wright State University",Higher education administrator and business consultant,1201451.2,1137203.68,Individual/PAC contributions,"Financial services and housing accessibility, Civil rights, diversity, and inclusion, Women's health and economic empowerment",Projected ~95%-99% Democratic (High Cohesion),House Committee on Financial Services; House Committee on Financial Services (Subcommittee),"$2,508,515"
J000295,David Joyce,House,Republican,OH,District 14,2025-01-03,69,1957-03-17,Juris Doctor (J.D.) from the University of Dayton School of Law,Geauga County Prosecuting Attorney and Public Defender,1410643.06,1031923.74,Individual/PAC contributions,"Great Lakes preservation and environmental protection, Fiscal responsibility and federal appropriations, Combating the opioid epidemic and supporting addiction recovery",Projected ~95%-99% Republican (High Cohesion),House Committee on Appropriations; House Committee on Homeland Security; House Committee on Appropriations (Subcommittee); House Committee on Homeland Security (Subcommittee),"$3,158,557"
P000605,Scott Perry,House,Republican,PA,District 10,2025-01-03,64,1962-05-27,"Master of Strategic Studies, U.S. Army War College",President of Hydrotech Mechanical Services (environmental contracting) and Brigadier General in the Pennsylvania Army National Guard,Unknown,Unknown,Individual/PAC contributions,"Fiscal conservatism and federal spending reduction, National security and defense, Border security and immigration enforcement",Projected ~95%-99% Republican (High Cohesion),House Committee on Transportation and Infrastructure; House Committee on Oversight and Government Reform; House Permanent Select Committee on Intelligence; House Committee on Foreign Affairs; House Committee on Transportation and Infrastructure (Subcommittee); House Committee on Oversight and Accountability (Subcommittee); House Committee on Foreign Affairs (Subcommittee); House Permanent Select Committee on Intelligence (Subcommittee),"$856,009"
C001098,Ted Cruz,Senate,Republican,TX,Unknown,2025-01-03,55,1970-12-22,Juris Doctor (J.D.) from Harvard Law School,Attorney and Solicitor General of Texas,Unknown,Unknown,Individual/PAC contributions,"Constitutional conservatism and judicial appointments, Economic deregulation and tax reform, Border security and immigration enforcement",Projected ~95%-99% Republican (High Cohesion),"Senate Committee on Commerce, Science, and Transportation; Senate Committee on Commerce, Science, and Transportation (Subcommittee); Senate Committee on Foreign Relations; Senate Committee on Foreign Relations (Subcommittee); Senate Committee on Rules and Administration; Senate Committee on the Judiciary; Senate Committee on the Judiciary (Subcommittee)","$1,661,021"
W000814,Randy Weber,House,Republican,TX,District 14,2025-01-03,73,1953-07-02,"Bachelor of Science in Public Administration, University of Houston–Clear Lake",Small business owner (founded Weber's Air Conditioning and Heating),972560.89,671254.64,Individual/PAC contributions,"Energy independence and Gulf Coast energy production, Border security and immigration enforcement, Fiscal conservatism and federal spending reduction",Projected ~95%-99% Republican (High Cohesion),"House Committee on Science, Space, and Technology; House Committee on Energy and Commerce; House Committee on Science, Space, and Technology (Subcommittee); House Committee on Energy and Commerce (Subcommittee)","$600,501"
C001091,Joaquin Castro,House,Democrat,TX,District 20,2025-01-03,51,1974-09-16,"Stanford University (BA in Political Science/Communications), Harvard Law School (JD)",Public service,Unknown,Unknown,Individual/PAC contributions,General legislative priorities,Projected ~95%-99% Democratic (High Cohesion),House Permanent Select Committee on Intelligence; House Committee on Foreign Affairs; House Committee on Foreign Affairs (Subcommittee); House Permanent Select Committee on Intelligence (Subcommittee),"$132,500"
W000816,Roger Williams,House,Republican,TX,District 25,2025-01-03,76,1949-09-13,Bachelor of Arts from Texas Christian University,Car dealership owner and businessman,Unknown,Unknown,Individual/PAC contributions,"Small business advocacy and tax relief, Border security and immigration enforcement, Military and national defense support",Projected ~95%-99% Republican (High Cohesion),House Committee on Financial Services; House Committee on Small Business; House Committee on Financial Services (Subcommittee),"$13,295,011"
V000131,Marc Veasey,House,Democrat,TX,District 33,2025-01-03,55,1971-01-03,Bachelor of Science in Mass Communication from Texas Wesleyan University,Congressional staffer and journalist,Unknown,Unknown,Individual/PAC contributions,"Voting rights and election reform, Healthcare access and affordability, Job creation and economic development",Projected ~95%-99% Democratic (High Cohesion),House Committee on Energy and Commerce; House Committee on Energy and Commerce (Subcommittee),"$20,507"
K000384,Timothy Kaine,Senate,Democrat,VA,Unknown,2025-01-03,68,1958-02-26,Juris Doctor (J.D.) from Harvard Law School,Civil rights attorney and law professor,Unknown,Unknown,Individual/PAC contributions,"Healthcare access and affordability, Education and job training, National security and foreign policy",Projected ~95%-99% Democratic (High Cohesion),"Senate Committee on Armed Services; Senate Committee on Armed Services (Subcommittee); Senate Committee on Foreign Relations; Senate Committee on Foreign Relations (Subcommittee); Senate Committee on Health, Education, Labor, and Pensions; Senate Committee on Health, Education, Labor, and Pensions (Subcommittee); Senate Committee on the Budget",N/A (No net worth disclosure provided in sources)
P000607,Mark Pocan,House,Democrat,WI,District 2,2025-01-03,61,1964-08-14,"Bachelor of Science in Journalism, University of Wisconsin–Madison","Small business owner (founded Budget Prints, a specialty printing shop)",Unknown,Unknown,Individual/PAC contributions,"LGBTQ+ equality and civil rights, Labor, workers' rights, and fair wages, Affordable healthcare and public education access",Projected ~95%-99% Democratic (High Cohesion),House Committee on Appropriations; House Committee on Foreign Affairs; House Committee on Appropriations (Subcommittee),"$183,001"
K000385,Robin Kelly,House,Democrat,IL,District 2,2025-01-03,70,1956-04-30,Ph.D. in Political Science from Northern Illinois University,Counselor and local government administrator,Unknown,Unknown,Individual/PAC contributions,"Gun violence prevention, Healthcare access and maternal health disparities, Economic development and job creation",Projected ~95%-99% Democratic (High Cohesion),House Committee on Energy and Commerce; House Committee on Energy and Commerce (Subcommittee),N/A (No net worth disclosure provided in sources)
S001195,Jason Smith,House,Republican,MO,District 8,2025-01-03,46,1980-06-16,Juris Doctor (J.D.) from Oklahoma City University School of Law,"Attorney, real estate agent, and family farmer",5264182.96,3269224.39,Individual/PAC contributions,"Tax policy and fiscal responsibility, Agriculture and rural development, Economic growth and trade",Projected ~95%-99% Republican (High Cohesion),Joint Committee on Taxation; House Committee on Ways and Means,N/A (No net worth disclosure provided in sources)
B001288,Cory Booker,Senate,Democrat,NJ,Unknown,2021-01-03,57,1969-04-27,Juris Doctor (JD) from Yale Law School,Staff Attorney at the Urban Justice Center and Community Organizer,Unknown,Unknown,Individual/PAC contributions,"Criminal justice reform, Economic inequality and social justice, Healthcare access and reform",Projected ~95%-99% Democratic (High Cohesion),"Senate Committee on Agriculture, Nutrition, and Forestry; Senate Committee on Agriculture, Nutrition, and Forestry (Subcommittee); Senate Committee on Foreign Relations; Senate Committee on Foreign Relations (Subcommittee); Senate Committee on Small Business and Entrepreneurship; Senate Committee on the Judiciary; Senate Committee on the Judiciary (Subcommittee)",N/A (No net worth disclosure provided in sources)
C001101,Katherine Clark,House,Democrat,MA,District 5,2025-01-03,63,1963-07-17,Master of Public Administration (M.P.A.) from Harvard University,"Attorney, General Counsel for the Massachusetts Department of Early Education and Care, and Assistant Attorney General",Unknown,Unknown,Individual/PAC contributions,"Affordable childcare and early childhood education, Women's reproductive rights and gender equality, Opioid addiction prevention and mental health services",Projected ~95%-99% Democratic (High Cohesion),None assigned,N/A (No net worth disclosure provided in sources)
N000188,Donald Norcross,House,Democrat,NJ,District 1,2025-01-03,67,1958-12-13,"Associate of Science in Criminal Justice, Camden County College",Electrician and labor union leader,1657743.45,999632.88,Individual/PAC contributions,"Labor and workers' rights, Workforce development and apprenticeship programs, National security and defense",Projected ~95%-99% Democratic (High Cohesion),House Committee on Armed Services; House Committee on Education and Workforce; House Committee on Armed Services (Subcommittee); House Committee on Education and the Workforce (Subcommittee),N/A (No net worth disclosure provided in sources)
A000370,Alma Adams,House,Democrat,NC,District 12,2025-01-03,80,1946-05-27,Ph.D. in Art Education from The Ohio State University,Art Professor at Bennett College,370506.43,487322.17,Individual/PAC contributions,"Historically Black Colleges and Universities (HBCUs), Education and Workforce Development, Food Insecurity and Hunger",Projected ~95%-99% Democratic (High Cohesion),House Committee on Agriculture; House Committee on Education and Workforce; House Committee on Agriculture (Subcommittee); House Committee on Education and the Workforce (Subcommittee),N/A (No net worth disclosure provided in sources)
P000609,Gary Palmer,House,Republican,AL,District 6,2025-01-03,72,1954-05-14,"Bachelor of Science in Operations Management, University of Alabama","President of the Alabama Policy Institute, Operations Management Consultant",Unknown,Unknown,Individual/PAC contributions,"Fiscal responsibility and federal budget reform, Energy independence and regulatory relief, Healthcare reform and lowering costs",Projected ~95%-99% Republican (High Cohesion),House Committee on Oversight and Government Reform; House Committee on Energy and Commerce; House Committee on Oversight and Accountability (Subcommittee); House Committee on Energy and Commerce (Subcommittee),N/A (No net worth disclosure provided in sources)
H001072,J. Hill,House,Republican,AR,District 2,2025-01-03,69,1956-12-05,"Bachelor of Science (B.S.) in Economics, Vanderbilt University","Commercial banker, founder and CEO of Delta Trust & Banking Corp, and Deputy Assistant Secretary of the Treasury",Unknown,Unknown,Individual/PAC contributions,"Financial services and banking regulatory reform, Fiscal responsibility and economic growth, National security and countering illicit finance",Projected ~95%-99% Republican (High Cohesion),House Permanent Select Committee on Intelligence; House Committee on Financial Services; House Permanent Select Committee on Intelligence (Subcommittee),N/A (No net worth disclosure provided in sources)
W000821,Bruce Westerman,House,Republican,AR,District 4,2025-01-03,58,1967-11-18,Master of Forestry from Yale University,Professional engineer and forester (Mid-South Engineering Company),Unknown,Unknown,Individual/PAC contributions,"Forest management and conservation, Energy independence and natural resources, Fiscal responsibility and economic growth",Projected ~95%-99% Republican (High Cohesion),House Committee on Natural Resources; House Committee on Transportation and Infrastructure; House Committee on Transportation and Infrastructure (Subcommittee),N/A (No net worth disclosure provided in sources)
G000574,Ruben Gallego,Senate,Democrat,AZ,Unknown,2025-01-03,46,1979-11-20,"Bachelor of Arts in International Relations, Harvard University",U.S. Marine Corps infantryman and public affairs consultant,Unknown,Unknown,Individual/PAC contributions,"Veterans' affairs and healthcare, Immigration reform and border security, Economic opportunity and working-class advocacy",Projected ~95%-99% Democratic (High Cohesion),"Senate Committee on Banking, Housing, and Urban Affairs; Senate Committee on Banking, Housing, and Urban Affairs (Subcommittee); Senate Committee on Energy and Natural Resources; Senate Committee on Energy and Natural Resources (Subcommittee); Senate Committee on Homeland Security and Governmental Affairs; Senate Committee on Homeland Security and Governmental Affairs (Subcommittee); Senate Committee on Veterans' Affairs; Commission on Security and Cooperation in Europe",N/A (No net worth disclosure provided in sources)
D000623,Mark DeSaulnier,House,Democrat,CA,District 10,2025-01-03,74,1952-03-31,"Bachelor of Arts in History, College of the Holy Cross","Restaurateur, Small business owner",Unknown,Unknown,Individual/PAC contributions,"Transportation and Infrastructure, Labor and Workers' Rights, Education and Mental Health",Projected ~95%-99% Democratic (High Cohesion),House Committee on Transportation and Infrastructure; House Committee on Education and Workforce; House Committee on Ethics; House Committee on Transportation and Infrastructure (Subcommittee); House Committee on Education and the Workforce (Subcommittee),N/A (No net worth disclosure provided in sources)
A000371,Pete Aguilar,House,Democrat,CA,District 33,2025-01-03,47,1979-06-19,"Bachelor of Science in Business Administration and Government, University of Redlands",Business owner and director of government relations,Unknown,Unknown,Individual/PAC contributions,"Economic development and job creation, Immigration reform and support for Dreamers, Gun violence prevention",Projected ~95%-99% Democratic (High Cohesion),House Committee on Appropriations; House Committee on Appropriations (Subcommittee),N/A (No net worth disclosure provided in sources)
L000582,Ted Lieu,House,Democrat,CA,District 36,2025-01-03,57,1969-03-29,Juris Doctor (J.D.) from Georgetown University Law Center,U.S. Air Force JAG Corps Officer and Private Practice Attorney,Unknown,Unknown,Individual/PAC contributions,"Technology and Artificial Intelligence Regulation, Civil Liberties and Privacy, Climate Change and Environmental Protection",Projected ~95%-99% Democratic (High Cohesion),House Committee on the Judiciary; House Committee on Foreign Affairs; House Committee on the Judiciary (Subcommittee),N/A (No net worth disclosure provided in sources)
T000474,Norma Torres,House,Democrat,CA,District 35,2025-01-03,61,1965-04-04,"Bachelor of Arts in Labor Studies, National Labor College",911 Dispatcher for the Los Angeles Police Department,Unknown,Unknown,Individual/PAC contributions,"Public Safety and Emergency Services, Affordable Housing and Infrastructure Development, Foreign Affairs and Central American Relations",Projected ~95%-99% Democratic (High Cohesion),House Committee on Appropriations; House Committee on House Administration; House Committee on Appropriations (Subcommittee); Committee on House Administration (Subcommittee),N/A (No net worth disclosure provided in sources)
C001103,Earl Carter,House,Republican,GA,District 1,2025-01-03,68,1957-09-06,"Young Harris College (AS), University of Georgia (BS in Pharmacy)",Public service,Unknown,Unknown,Individual/PAC contributions,General legislative priorities,Projected ~95%-99% Republican (High Cohesion),House Committee on Energy and Commerce; House Committee on the Budget; House Committee on Energy and Commerce (Subcommittee),N/A (No net worth disclosure provided in sources)
L000583,Barry Loudermilk,House,Republican,GA,District 11,2025-01-03,62,1963-12-22,"Bachelor of Science in Occupational Safety and Health, Grantham University","U.S. Air Force Communications Specialist, Information Technology Business Owner",262802.92,309133.1,Individual/PAC contributions,"Financial Services and Regulatory Reform, Government Oversight and Administration, National Security and Constitutional Conservatism",Projected ~95%-99% Republican (High Cohesion),"House Committee on Financial Services; House Committee on House Administration; Committee on House Administration (Subcommittee); House Committee on Financial Services (Subcommittee); House Select Subcommittee to Investigate the Remaining Questions Surrounding January 6, 2021",N/A (No net worth disclosure provided in sources)
A000372,Rick Allen,House,Republican,GA,District 12,2025-01-03,74,1951-11-07,"Bachelor of Science in Agricultural Business, Auburn University",Founder and operator of R.W. Allen Construction (Commercial Construction Business Owner),Unknown,Unknown,Individual/PAC contributions,"Agriculture and Farm Bill legislation, Education and workforce development, Economic growth, deregulation, and small business support",Projected ~95%-99% Republican (High Cohesion),House Committee on Energy and Commerce; House Committee on Education and Workforce; House Committee on Energy and Commerce (Subcommittee); House Committee on Education and the Workforce (Subcommittee),N/A (No net worth disclosure provided in sources)
B001295,Mike Bost,House,Republican,IL,District 12,2025-01-03,65,1960-12-30,"High School Diploma, Murphysboro High School","U.S. Marine, Firefighter, Trucking Business Owner",Unknown,Unknown,Individual/PAC contributions,"Veterans' Affairs, Agriculture, Second Amendment Rights",Projected ~95%-99% Republican (High Cohesion),House Committee on Transportation and Infrastructure; House Committee on Agriculture; House Committee on Veterans' Affairs; House Committee on Agriculture (Subcommittee); House Committee on Transportation and Infrastructure (Subcommittee),N/A (No net worth disclosure provided in sources)
M001196,Seth Moulton,House,Democrat,MA,District 6,2025-01-03,47,1978-10-24,"Joint MBA and MPA, Harvard University",U.S. Marine Corps Officer,Unknown,Unknown,Individual/PAC contributions,"Veterans' healthcare and benefits reform, National security and defense modernization, Transportation infrastructure and high-speed rail",Projected ~95%-99% Democratic (High Cohesion),House Committee on Transportation and Infrastructure; House Committee on Armed Services; House Select Committee on the Strategic Competition Between the United States and the Chinese Communist Party; House Committee on Transportation and Infrastructure (Subcommittee); House Committee on Armed Services (Subcommittee),N/A (No net worth disclosure provided in sources)
M001194,John Moolenaar,House,Republican,MI,District 2,2025-01-03,65,1961-05-08,"Master of Public Administration, Harvard University",Chemist and charter school administrator,Unknown,Unknown,Individual/PAC contributions,"Agriculture and rural development, Fiscal responsibility and economic growth, Great Lakes preservation and energy",Projected ~95%-99% Republican (High Cohesion),House Committee on Appropriations; House Select Committee on the Strategic Competition Between the United States and the Chinese Communist Party; House Committee on Appropriations (Subcommittee),N/A (No net worth disclosure provided in sources)
D000624,Debbie Dingell,House,Democrat,MI,District 6,2025-01-03,72,1953-11-23,"Master of Science in Liberal Studies, Georgetown University","General Motors executive (President of the GM Foundation and Executive Director of Global Community Relations), Public affairs consultant",Unknown,Unknown,Individual/PAC contributions,"Healthcare reform and lowering prescription drug costs, Environmental protection and Great Lakes preservation, Support for the domestic automotive industry and manufacturing jobs",Projected ~95%-99% Democratic (High Cohesion),House Committee on Natural Resources; House Committee on Energy and Commerce; House Committee on Natural Resources (Subcommittee); House Committee on Energy and Commerce (Subcommittee),N/A (No net worth disclosure provided in sources)
E000294,Tom Emmer,House,Republican,MN,District 6,2025-01-03,65,1961-03-03,Juris Doctor (J.D.) from William Mitchell College of Law,Attorney in private practice,Unknown,Unknown,Individual/PAC contributions,"Financial services and cryptocurrency regulation, Economic growth and tax reform, Agricultural and rural development",Projected ~95%-99% Republican (High Cohesion),House Committee on Financial Services; House Committee on Financial Services (Subcommittee),N/A (No net worth disclosure provided in sources)
R000603,David Rouzer,House,Republican,NC,District 7,2025-01-03,54,1972-02-16,"Bachelor of Science in Agricultural Business Management, North Carolina State University","Agricultural consultant, business owner, and USDA Rural Development Associate Administrator",Unknown,Unknown,Individual/PAC contributions,"Agriculture and Rural Development, Infrastructure and Transportation, Coastal Resiliency and Disaster Relief",Projected ~95%-99% Republican (High Cohesion),"House Committee on Transportation and Infrastructure; House Committee on Science, Space, and Technology; House Committee on Agriculture; House Committee on Agriculture (Subcommittee); House Committee on Transportation and Infrastructure (Subcommittee); House Committee on Science, Space, and Technology (Subcommittee)",N/A (No net worth disclosure provided in sources)
W000822,Bonnie Watson Coleman,House,Democrat,NJ,District 12,2025-01-03,81,1945-02-06,"Bachelor of Arts in Business Administration, Thomas Edison State University",New Jersey state government administrator and civil rights director,Unknown,Unknown,Individual/PAC contributions,"Criminal justice reform, Economic justice and poverty alleviation, Advocacy for Black women and girls",Projected ~95%-99% Democratic (High Cohesion),House Committee on Appropriations; House Committee on the Budget; House Committee on Appropriations (Subcommittee),N/A (No net worth disclosure provided in sources)
S001196,Elise Stefanik,House,Republican,NY,District 21,2025-01-03,42,1984-07-02,"Bachelor of Arts in Government, Harvard University",White House policy advisor and management associate at Premium Plywood Products (family business),Unknown,Unknown,Individual/PAC contributions,"National Defense and Military Support, Economic Growth and Job Creation, Border Security and Agriculture",Projected ~95%-99% Republican (High Cohesion),House Committee on Armed Services; House Permanent Select Committee on Intelligence; House Committee on Education and Workforce; House Committee on Armed Services (Subcommittee); House Committee on Education and the Workforce (Subcommittee); House Permanent Select Committee on Intelligence (Subcommittee),N/A (No net worth disclosure provided in sources)
B001296,Brendan Boyle,House,Democrat,PA,District 2,2025-01-03,49,1977-02-06,Master of Public Policy (MPP) from Harvard University,Management Consultant,Unknown,Unknown,Individual/PAC contributions,"Economic Inequality and Tax Reform, Protecting Social Security and Medicare, Affordable Higher Education and Student Debt Relief",Projected ~95%-99% Democratic (High Cohesion),House Committee on Ways and Means; House Committee on the Budget; House Committee on Ways and Means (Subcommittee),N/A (No net worth disclosure provided in sources)
B001291,Brian Babin,House,Republican,TX,District 36,2025-01-03,78,1948-03-23,Doctor of Dental Surgery (D.D.S.) from the University of Texas Dental Branch,Dentist,Unknown,Unknown,Individual/PAC contributions,"Space and Aeronautics, Transportation and Infrastructure, Border Security and Immigration",Projected ~95%-99% Republican (High Cohesion),"House Committee on Transportation and Infrastructure; House Committee on Science, Space, and Technology; House Committee on Transportation and Infrastructure (Subcommittee)",N/A (No net worth disclosure provided in sources)
B001292,Donald Beyer,House,Democrat,VA,District 8,2025-01-03,76,1950-06-20,"Bachelor of Arts in Economics, Williams College",Automobile dealership owner and businessman (Beyer Automotive Group),Unknown,Unknown,Individual/PAC contributions,"Climate Change and Environmental Protection, Gun Violence Prevention, Science, Technology, and Artificial Intelligence",Projected ~95%-99% Democratic (High Cohesion),Joint Economic Committee; House Committee on Ways and Means; House Committee on Ways and Means (Subcommittee),N/A (No net worth disclosure provided in sources)
P000610,Stacey Plaskett,House,Democrat,VI,District 0,2025-01-03,60,1966-05-13,Juris Doctor (J.D.) from American University Washington College of Law,Attorney and Prosecutor,Unknown,Unknown,Individual/PAC contributions,"Economic development and infrastructure funding for U.S. territories, Disaster recovery and climate resilience, Voting rights and equal representation for territorial residents",Projected ~95%-99% Democratic (High Cohesion),House Committee on Ways and Means; House Permanent Select Committee on Intelligence; House Committee on the Budget; House Committee on Ways and Means (Subcommittee); House Permanent Select Committee on Intelligence (Subcommittee),N/A (No net worth disclosure provided in sources)
N000189,Dan Newhouse,House,Republican,WA,District 4,2025-01-03,71,1955-07-10,Bachelor of Science in Agricultural Economics from Washington State University,Third-generation farmer and agricultural business owner,Unknown,Unknown,Individual/PAC contributions,"Agriculture and agricultural labor reform, Energy independence and water resource management, Hanford Site cleanup and environmental remediation",Projected ~95%-99% Republican (High Cohesion),House Committee on Agriculture; House Committee on Appropriations; House Committee on Agriculture (Subcommittee); House Select Committee on the Strategic Competition Between the United States and the Chinese Communist Party; House Committee on Appropriations (Subcommittee),N/A (No net worth disclosure provided in sources)
G000576,Glenn Grothman,House,Republican,WI,District 6,2025-01-03,71,1955-07-03,Juris Doctor (J.D.) from the University of Wisconsin–Madison,Attorney and tax preparer,Unknown,Unknown,Individual/PAC contributions,"Welfare and public assistance reform, Immigration and border security, Federal budget deficit and government spending reduction",Projected ~95%-99% Republican (High Cohesion),House Committee on the Judiciary; House Committee on Oversight and Government Reform; House Committee on Education and Workforce; House Committee on the Budget; House Committee on the Judiciary (Subcommittee); House Committee on Oversight and Accountability (Subcommittee); House Committee on Education and the Workforce (Subcommittee),N/A (No net worth disclosure provided in sources)
R000600,Aumua Amata Radewagen,House,Republican,AS,District 0,2025-01-03,78,1947-12-29,Bachelor of Science from the University of Guam,"Congressional staffer, executive assistant, and community advocate",Unknown,Unknown,Individual/PAC contributions,"Veterans' affairs, Healthcare access in U.S. territories, Economic development and fisheries",Projected ~95%-99% Republican (High Cohesion),House Committee on Natural Resources; House Committee on Foreign Affairs; House Committee on Veterans' Affairs; House Committee on Natural Resources (Subcommittee); House Committee on Foreign Affairs (Subcommittee); House Committee on Veterans' Affairs (Subcommittee),N/A (No net worth disclosure provided in sources)
S001198,Dan Sullivan,Senate,Republican,AK,Unknown,2021-01-03,61,1964-11-13,Joint Juris Doctor (J.D.) and Master of Science in Foreign Service (MSFS) from Georgetown University,"U.S. Marine Corps Officer, Attorney in private practice",11735898.2,5172572.02,Individual/PAC contributions,"National defense and military readiness, Energy independence and natural resource development, Infrastructure and economic growth",Projected ~95%-99% Republican (High Cohesion),"Senate Committee on Armed Services; Senate Committee on Armed Services (Subcommittee); Senate Committee on Commerce, Science, and Transportation; Senate Committee on Commerce, Science, and Transportation (Subcommittee); Senate Committee on Environment and Public Works; Senate Committee on Environment and Public Works (Subcommittee); Senate Committee on Veterans' Affairs",N/A (No net worth disclosure provided in sources)
E000295,Joni Ernst,Senate,Republican,IA,Unknown,2021-01-03,56,1970-07-01,Master of Public Administration (MPA) from Columbus State University,"Iowa Army National Guard Officer, Montgomery County Auditor",Unknown,Unknown,Individual/PAC contributions,"National Defense and Military Affairs, Agriculture and Rural Development, Government Accountability and Reducing Wasteful Spending",Projected ~95%-99% Republican (High Cohesion),"Senate Committee on Agriculture, Nutrition, and Forestry; Senate Committee on Agriculture, Nutrition, and Forestry (Subcommittee); Senate Committee on Armed Services; Senate Committee on Armed Services (Subcommittee); Senate Committee on Homeland Security and Governmental Affairs; Senate Committee on Homeland Security and Governmental Affairs (Subcommittee); Senate Committee on Small Business and Entrepreneurship",N/A (No net worth disclosure provided in sources)
T000476,Thom Tillis,Senate,Republican,NC,Unknown,2021-01-03,65,1960-08-30,"Bachelor of Science in Technology Management, University of Maryland University College",Management Consultant and Partner at PricewaterhouseCoopers,Unknown,Unknown,Individual/PAC contributions,"Veterans' Affairs and Military Support, Economic Growth and Tax Reform, Intellectual Property and Patent Reform",Projected ~95%-99% Republican (High Cohesion),"Senate Committee on Banking, Housing, and Urban Affairs; Senate Committee on Banking, Housing, and Urban Affairs (Subcommittee); Senate Committee on Finance; Senate Committee on Finance (Subcommittee); Senate Committee on the Judiciary; Senate Committee on the Judiciary (Subcommittee); Senate Committee on Veterans' Affairs; Commission on Security and Cooperation in Europe",N/A (No net worth disclosure provided in sources)
R000605,Mike Rounds,Senate,Republican,SD,Unknown,2021-01-03,71,1954-10-24,"Bachelor of Science in Political Science, South Dakota State University",Insurance and real estate business owner,Unknown,Unknown,Individual/PAC contributions,"National Defense and Military Affairs, Agriculture and Rural Development, Cybersecurity and Artificial Intelligence",Projected ~95%-99% Republican (High Cohesion),"Senate Committee on Appropriations; Senate Committee on Appropriations (Subcommittee); Senate Committee on Armed Services; Senate Committee on Armed Services (Subcommittee); Senate Committee on Banking, Housing, and Urban Affairs; Senate Committee on Banking, Housing, and Urban Affairs (Subcommittee); Senate Committee on Indian Affairs; Senate Select Committee on Intelligence; Commission on Security and Cooperation in Europe",N/A (No net worth disclosure provided in sources)
K000388,Trent Kelly,House,Republican,MS,District 1,2025-01-03,60,1966-03-01,"Juris Doctor (J.D.), University of Mississippi School of Law",District Attorney and Major General in the Mississippi Army National Guard,1004204.69,749398.72,Individual/PAC contributions,"National Defense and Military Readiness, Agriculture and Rural Development, Veterans' Support and Services",Projected ~95%-99% Republican (High Cohesion),House Committee on Agriculture; House Committee on Armed Services; House Permanent Select Committee on Intelligence; House Committee on Agriculture (Subcommittee); House Committee on Armed Services (Subcommittee); House Permanent Select Committee on Intelligence (Subcommittee),N/A (No net worth disclosure provided in sources)
L000585,Darin LaHood,House,Republican,IL,District 16,2025-01-03,58,1968-07-05,Juris Doctor (J.D.) from John Marshall Law School,Assistant U.S. Attorney and private practice attorney,Unknown,Unknown,Individual/PAC contributions,"International Trade and Agriculture, National Security and Intelligence, Fiscal Conservatism and Tax Reform",Projected ~95%-99% Republican (High Cohesion),House Committee on Ways and Means; House Permanent Select Committee on Intelligence; House Select Committee on the Strategic Competition Between the United States and the Chinese Communist Party; House Committee on Ways and Means (Subcommittee); House Permanent Select Committee on Intelligence (Subcommittee),N/A (No net worth disclosure provided in sources)
D000626,Warren Davidson,House,Republican,OH,District 8,2025-01-03,56,1970-03-01,Master of Business Administration (MBA) from the University of Notre Dame,"U.S. Army Officer, Manufacturing Executive and Business Owner",661353.41,526144.94,Individual/PAC contributions,"Fiscal Conservatism and Government Spending Reform, Cryptocurrency and Financial Technology Regulation, Civil Liberties and Fourth Amendment Protections",Projected ~95%-99% Republican (High Cohesion),House Committee on Financial Services; House Committee on Foreign Affairs; House Committee on Financial Services (Subcommittee); House Committee on Foreign Affairs (Subcommittee),N/A (No net worth disclosure provided in sources)
C001108,James Comer,House,Republican,KY,District 1,2025-01-03,53,1972-08-19,"Bachelor of Science in Agriculture, Western Kentucky University",Farmer and agribusiness owner,Unknown,Unknown,Individual/PAC contributions,"Government oversight and accountability, Agriculture and rural development, Fiscal responsibility and federal spending reduction",Projected ~95%-99% Republican (High Cohesion),House Committee on Oversight and Government Reform; House Committee on Education and Workforce; House Committee on Education and the Workforce (Subcommittee),N/A (No net worth disclosure provided in sources)
E000296,Dwight Evans,House,Democrat,PA,District 3,2025-01-03,72,1954-05-16,"Bachelor of Arts in Politics, La Salle University",Job developer for the Urban League of Philadelphia,Unknown,Unknown,Individual/PAC contributions,"Economic development and poverty reduction, Gun violence prevention, Healthy food access and nutrition",Projected ~95%-99% Democratic (High Cohesion),House Committee on Ways and Means; House Committee on Ways and Means (Subcommittee),N/A (No net worth disclosure provided in sources)
K000393,John Kennedy,Senate,Republican,LA,Unknown,2023-01-03,74,1951-11-21,"Vanderbilt University (BA in Political Science/Philosophy/Economics), University of Virginia School of Law (JD), University of Oxford (BCL)",Public service,Unknown,Unknown,Individual/PAC contributions,General legislative priorities,Projected ~95%-99% Republican (High Cohesion),"Senate Committee on Appropriations; Senate Committee on Appropriations (Subcommittee); Senate Committee on Banking, Housing, and Urban Affairs; Senate Committee on Banking, Housing, and Urban Affairs (Subcommittee); Senate Committee on the Budget; Senate Committee on the Judiciary; Senate Committee on the Judiciary (Subcommittee)",N/A (No net worth disclosure provided in sources)
H001076,Margaret Hassan,Senate,Democrat,NH,Unknown,2023-01-03,68,1958-02-27,"Brown University (BA in History), Northeastern University School of Law (JD)",Public service,Unknown,Unknown,Individual/PAC contributions,General legislative priorities,Projected ~95%-99% Democratic (High Cohesion),"Senate Committee on Finance; Senate Committee on Finance (Subcommittee); Senate Committee on Health, Education, Labor, and Pensions; Senate Committee on Health, Education, Labor, and Pensions (Subcommittee); Senate Committee on Homeland Security and Governmental Affairs; Senate Committee on Homeland Security and Governmental Affairs (Subcommittee); Senate Committee on Veterans' Affairs; Joint Economic Committee",N/A (No net worth disclosure provided in sources)
C001113,Catherine Cortez Masto,Senate,Democrat,NV,Unknown,2023-01-03,62,1964-03-29,Juris Doctor (J.D.) from Gonzaga University School of Law,Attorney and prosecutor,Unknown,Unknown,Individual/PAC contributions,"Women's reproductive rights, Clean energy and environmental conservation, Affordable housing and economic security",Projected ~95%-99% Democratic (High Cohesion),"Senate Committee on Banking, Housing, and Urban Affairs; Senate Committee on Banking, Housing, and Urban Affairs (Subcommittee); Senate Committee on Energy and Natural Resources; Senate Committee on Energy and Natural Resources (Subcommittee); Senate Committee on Finance; Senate Committee on Finance (Subcommittee); Senate Committee on Indian Affairs",N/A (No net worth disclosure provided in sources)
S001190,Bradley Schneider,House,Democrat,IL,District 10,2025-01-03,64,1961-08-20,Master of Business Administration (MBA) from Northwestern University,"Management Consultant, Business Owner",Unknown,Unknown,Individual/PAC contributions,"Gun Violence Prevention, Healthcare Access and Affordability, Economic Growth and Small Business Support",Projected ~95%-99% Democratic (High Cohesion),House Committee on Ways and Means; House Committee on Foreign Affairs; House Committee on Ways and Means (Subcommittee); House Committee on Foreign Affairs (Subcommittee),N/A (No net worth disclosure provided in sources)
B001302,Andy Biggs,House,Republican,AZ,District 5,2025-01-03,67,1958-11-07,Juris Doctor (J.D.) from the University of Arizona,Attorney,Unknown,Unknown,Individual/PAC contributions,"Border security and immigration enforcement, Fiscal conservatism and federal spending reduction, Constitutional conservatism and limited government",Projected ~95%-99% Republican (High Cohesion),House Committee on the Judiciary; House Committee on Oversight and Government Reform; House Committee on the Judiciary (Subcommittee); House Committee on Oversight and Accountability (Subcommittee),N/A (No net worth disclosure provided in sources)
K000389,Ro Khanna,House,Democrat,CA,District 17,2025-01-03,49,1976-09-13,Juris Doctor (J.D.) from Yale Law School,Technology attorney and university economics/law lecturer,Unknown,Unknown,Individual/PAC contributions,"Technology sector regulation and digital job creation, Progressive economic policies (including Medicare for All and the Green New Deal), Foreign policy restraint and reforming executive war powers",Projected ~95%-99% Democratic (High Cohesion),House Committee on Armed Services; House Committee on Oversight and Government Reform; House Select Committee on the Strategic Competition Between the United States and the Chinese Communist Party; House Committee on Oversight and Accountability (Subcommittee); House Committee on Armed Services (Subcommittee),N/A (No net worth disclosure provided in sources)
P000613,Jimmy Panetta,House,Democrat,CA,District 19,2025-01-03,56,1969-10-01,Juris Doctor (J.D.) from Santa Clara University School of Law,Deputy District Attorney for Monterey County and U.S. Navy Reserve Intelligence Officer,Unknown,Unknown,Individual/PAC contributions,"Agriculture and Food Security, Immigration Reform, Environmental Protection and Climate Change",Projected ~95%-99% Democratic (High Cohesion),House Committee on Ways and Means; House Committee on the Budget; House Committee on Ways and Means (Subcommittee),N/A (No net worth disclosure provided in sources)
C001112,Salud Carbajal,House,Democrat,CA,District 24,2025-01-03,61,1964-11-18,Master of Public Administration (M.P.A.) from Fielding Graduate University,U.S. Marine Corps Reserve member and Santa Barbara County government administrator,Unknown,Unknown,Individual/PAC contributions,"Environmental protection and climate change mitigation, Veterans' affairs and support services, Agriculture and immigration reform",Projected ~95%-99% Democratic (High Cohesion),House Committee on Transportation and Infrastructure; House Committee on Agriculture; House Committee on Armed Services; House Committee on Transportation and Infrastructure (Subcommittee); House Committee on Armed Services (Subcommittee),N/A (No net worth disclosure provided in sources)
B001300,Nanette Barragán,House,Democrat,CA,District 44,2025-01-03,49,1976-09-15,Juris Doctor (J.D.) from the University of Southern California Gould School of Law,Attorney in private practice and community advocate,Unknown,Unknown,Individual/PAC contributions,"Environmental justice and climate change, Healthcare access and equity, Immigration reform",Projected ~95%-99% Democratic (High Cohesion),House Committee on Energy and Commerce; House Committee on Energy and Commerce (Subcommittee),N/A (No net worth disclosure provided in sources)
C001110,J. Correa,House,Democrat,CA,District 46,2025-01-03,68,1958-01-24,"Juris Doctor (JD) and Master of Business Administration (MBA) from the University of California, Los Angeles (UCLA)","Investment banker, real estate broker, and college economics instructor",Unknown,Unknown,Individual/PAC contributions,"Immigration reform and protecting Dreamers, Expanding access to affordable healthcare, Supporting veterans and improving VA services",Projected ~95%-99% Democratic (High Cohesion),House Committee on the Judiciary; House Committee on Homeland Security; House Committee on the Judiciary (Subcommittee); House Committee on Homeland Security (Subcommittee),N/A (No net worth disclosure provided in sources)
B001303,Lisa Blunt Rochester,Senate,Democrat,DE,Unknown,2025-01-03,64,1962-02-10,"Master of Arts in Urban Affairs and Public Policy, University of Delaware",Delaware Secretary of Labor and CEO of the Metropolitan Wilmington Urban League,Unknown,Unknown,Individual/PAC contributions,"Healthcare access and prescription drug cost reduction, Workforce development and job creation, Criminal justice reform and the Clean Slate Act",Projected ~95%-99% Democratic (High Cohesion),"Senate Committee on Banking, Housing, and Urban Affairs; Senate Committee on Banking, Housing, and Urban Affairs (Subcommittee); Senate Committee on Commerce, Science, and Transportation; Senate Committee on Commerce, Science, and Transportation (Subcommittee); Senate Committee on Environment and Public Works; Senate Committee on Environment and Public Works (Subcommittee); Senate Committee on Health, Education, Labor, and Pensions; Senate Committee on Health, Education, Labor, and Pensions (Subcommittee)",N/A (No net worth disclosure provided in sources)
D000628,Neal Dunn,House,Republican,FL,District 2,2025-01-03,73,1953-02-16,M.D. (Doctor of Medicine) from the University of Florida College of Medicine,"Urologist, U.S. Army Surgeon",Unknown,Unknown,Individual/PAC contributions,"Healthcare Reform, Military and Veterans Affairs, Agriculture and Disaster Recovery",Projected ~95%-99% Republican (High Cohesion),House Committee on Energy and Commerce; House Select Committee on the Strategic Competition Between the United States and the Chinese Communist Party; House Committee on Energy and Commerce (Subcommittee),N/A (No net worth disclosure provided in sources)
R000609,John Rutherford,House,Republican,FL,District 5,2025-01-03,73,1952-09-02,"Florida State College at Jacksonville (AS), Florida State University (BS in Criminology)",Public service,Unknown,Unknown,Individual/PAC contributions,General legislative priorities,Projected ~95%-99% Republican (High Cohesion),House Committee on Appropriations; House Committee on Appropriations (Subcommittee),N/A (No net worth disclosure provided in sources)
S001200,Darren Soto,House,Democrat,FL,District 9,2025-01-03,48,1978-02-25,Juris Doctor (J.D.) from George Washington University Law School,"Attorney in private practice specializing in civil, family, and personal injury law",Unknown,Unknown,Individual/PAC contributions,"Environmental protection and Everglades restoration, Technology, space exploration, and blockchain innovation, Healthcare access and affordability",Projected ~95%-99% Democratic (High Cohesion),House Committee on Natural Resources; House Committee on Energy and Commerce; House Committee on Natural Resources (Subcommittee); House Committee on Energy and Commerce (Subcommittee),N/A (No net worth disclosure provided in sources)
M001199,Brian Mast,House,Republican,FL,District 21,2025-01-03,46,1980-07-10,"Bachelor of Liberal Arts, Harvard Extension School",U.S. Army Explosive Ordnance Disposal (EOD) technician,Unknown,Unknown,Individual/PAC contributions,"Water quality and Everglades restoration, Veterans' affairs and healthcare reform, National security and defense",Projected ~95%-99% Republican (High Cohesion),House Committee on Transportation and Infrastructure; House Committee on Foreign Affairs; House Committee on Transportation and Infrastructure (Subcommittee),N/A (No net worth disclosure provided in sources)
K000391,Raja Krishnamoorthi,House,Democrat,IL,District 8,2025-01-03,53,1973-07-19,Juris Doctor (J.D.) from Harvard Law School,Attorney and technology company executive,Unknown,Unknown,Individual/PAC contributions,"Middle-class economic growth and job creation, Workforce development and career/technical education, National security and U.S.-China strategic competition",Projected ~95%-99% Democratic (High Cohesion),House Committee on Oversight and Government Reform; House Permanent Select Committee on Intelligence; House Select Committee on the Strategic Competition Between the United States and the Chinese Communist Party; House Committee on Oversight and Accountability (Subcommittee); House Permanent Select Committee on Intelligence (Subcommittee),N/A (No net worth disclosure provided in sources)
B001299,Jim Banks,Senate,Republican,IN,Unknown,2025-01-03,47,1979-07-16,Master of Business Administration (MBA) from Grace College and Seminary,"Commercial real estate and construction business development, U.S. Navy Reserve officer",Unknown,Unknown,Individual/PAC contributions,"National defense and countering China, Fiscal conservatism and reducing government spending, Border security and immigration enforcement",Projected ~95%-99% Republican (High Cohesion),"Senate Committee on Armed Services; Senate Committee on Armed Services (Subcommittee); Senate Committee on Banking, Housing, and Urban Affairs; Senate Committee on Banking, Housing, and Urban Affairs (Subcommittee); Senate Committee on Health, Education, Labor, and Pensions; Senate Committee on Health, Education, Labor, and Pensions (Subcommittee); Senate Committee on Veterans' Affairs",N/A (No net worth disclosure provided in sources)
M001198,Roger Marshall,Senate,Republican,KS,Unknown,2021-01-03,65,1960-08-09,"Doctor of Medicine (M.D.), University of Kansas School of Medicine",Obstetrician-Gynecologist (OB/GYN),1343114.41,753188.46,Individual/PAC contributions,"Agriculture and Rural Economy, Healthcare Reform, Border Security and Immigration",Projected ~95%-99% Republican (High Cohesion),"Senate Committee on Agriculture, Nutrition, and Forestry; Senate Committee on Agriculture, Nutrition, and Forestry (Subcommittee); Senate Committee on Finance; Senate Committee on Finance (Subcommittee); Senate Committee on Health, Education, Labor, and Pensions; Senate Committee on Health, Education, Labor, and Pensions (Subcommittee); Senate Committee on the Budget",N/A (No net worth disclosure provided in sources)
H001077,Clay Higgins,House,Republican,LA,District 3,2025-01-03,64,1961-08-24,Attended Louisiana State University (No degree completed),"Law enforcement officer (Deputy Sheriff and Captain, St. Landry Parish Sheriff's Office) and military service (U.S. Army/National Guard)",Unknown,Unknown,Individual/PAC contributions,"Border Security and Immigration Enforcement, Second Amendment Rights, Energy Independence and Support for the Oil and Gas Industry",Projected ~95%-99% Republican (High Cohesion),"House Committee on Armed Services; House Committee on Oversight and Government Reform; House Committee on Oversight and Accountability (Subcommittee); House Committee on Armed Services (Subcommittee); House Select Subcommittee to Investigate the Remaining Questions Surrounding January 6, 2021",N/A (No net worth disclosure provided in sources)
J000299,Mike Johnson,House,Republican,LA,District 4,2025-01-03,54,1972-01-30,Juris Doctor (J.D.) from Louisiana State University Paul M. Hebert Law Center,Constitutional law attorney and conservative legal advocate,Unknown,Unknown,"Conservative PACs, agricultural/energy industries, individual small-dollar donors","Anti-abortion legislation, strict constitutionalism, border security, decoupling from federal regulation",98% Republican / 2% Democratic,None assigned,"Under $250,000 (Minimal individual asset holdings; primary liabilities are mortgages)"
R000606,Jamie Raskin,House,Democrat,MD,District 8,2025-01-03,63,1962-12-13,"J.D., Harvard Law School",Constitutional Law Professor at American University Washington College of Law,7425389.43,4497145.49,Individual/PAC contributions,"Democratic and constitutional reform, Gun violence prevention, Climate change and environmental protection",Projected ~95%-99% Democratic (High Cohesion),House Committee on the Judiciary,N/A (No net worth disclosure provided in sources)
B001301,Jack Bergman,House,Republican,MI,District 1,2025-01-03,79,1947-02-02,Master of Business Administration (M.B.A.) from the University of West Florida,United States Marine Corps Lieutenant General and commercial airline pilot,Unknown,Unknown,Individual/PAC contributions,"Veterans' affairs and military support, Great Lakes preservation and water infrastructure, Fiscal responsibility and economic growth",Projected ~95%-99% Republican (High Cohesion),House Committee on Armed Services; House Committee on Veterans' Affairs; House Committee on the Budget; House Committee on Veterans' Affairs (Subcommittee); House Committee on Armed Services (Subcommittee),N/A (No net worth disclosure provided in sources)
B001305,Ted Budd,Senate,Republican,NC,Unknown,2023-01-03,54,1971-10-21,"Appalachian State University (BS in Business), Dallas Theological Seminary (Th.M.), Wake Forest University (MBA)",Public service,Unknown,Unknown,Individual/PAC contributions,General legislative priorities,Projected ~95%-99% Republican (High Cohesion),"Senate Committee on Armed Services; Senate Committee on Armed Services (Subcommittee); Senate Committee on Commerce, Science, and Transportation; Senate Committee on Commerce, Science, and Transportation (Subcommittee); Senate Committee on Small Business and Entrepreneurship; Joint Economic Committee; Senate Select Committee on Intelligence",N/A (No net worth disclosure provided in sources)
B001298,Don Bacon,House,Republican,NE,District 2,2025-01-03,62,1963-08-16,"Master of Science in National Security Strategy, National War College",United States Air Force Officer (Retired Brigadier General),Unknown,Unknown,Individual/PAC contributions,"National Security and Military Readiness, Agriculture and Rural Development, Bipartisan Infrastructure and Economic Growth",Projected ~95%-99% Republican (High Cohesion),House Committee on Agriculture; House Committee on Armed Services; House Committee on Agriculture (Subcommittee); House Committee on Armed Services (Subcommittee),N/A (No net worth disclosure provided in sources)
G000583,Josh Gottheimer,House,Democrat,NJ,District 5,2025-01-03,51,1975-03-08,Juris Doctor (J.D.) from Harvard Law School,"Microsoft executive, presidential speechwriter, and FCC advisor",Unknown,Unknown,Individual/PAC contributions,"Bipartisanship and fiscal responsibility, Tax relief (specifically repealing the SALT deduction cap), National security and counter-terrorism",Projected ~95%-99% Democratic (High Cohesion),House Permanent Select Committee on Intelligence; House Committee on Financial Services; House Committee on Financial Services (Subcommittee); House Permanent Select Committee on Intelligence (Subcommittee),N/A (No net worth disclosure provided in sources)
R000608,Jacky Rosen,Senate,Democrat,NV,Unknown,2025-01-03,69,1957-08-02,"Bachelor of Arts in Psychology, University of Minnesota",Computer programmer and systems analyst,Unknown,Unknown,Individual/PAC contributions,"Healthcare access and lowering prescription drug costs, STEM education and technology workforce development, Renewable energy and environmental protection",Projected ~95%-99% Democratic (High Cohesion),"Senate Committee on Armed Services; Senate Committee on Armed Services (Subcommittee); Senate Committee on Commerce, Science, and Transportation; Senate Committee on Commerce, Science, and Transportation (Subcommittee); Senate Committee on Foreign Relations; Senate Committee on Foreign Relations (Subcommittee); Senate Committee on Small Business and Entrepreneurship",N/A (No net worth disclosure provided in sources)
E000297,Adriano Espaillat,House,Democrat,NY,District 13,2025-01-03,71,1954-09-27,"Queens College, CUNY (BS in Political Science)",Public service,Unknown,Unknown,Individual/PAC contributions,General legislative priorities,Projected ~95%-99% Democratic (High Cohesion),House Committee on Appropriations; House Committee on Appropriations (Subcommittee),N/A (No net worth disclosure provided in sources)
F000466,Brian Fitzpatrick,House,Republican,PA,District 1,2025-01-03,52,1973-12-17,Juris Doctor (J.D.) and Master of Business Administration (M.B.A.) from Pennsylvania State University,FBI Special Agent and Federal Prosecutor,Unknown,Unknown,Individual/PAC contributions,"Government Reform and Bipartisanship, National Security and Law Enforcement, Healthcare and Opioid Epidemic Response",Projected ~95%-99% Republican (High Cohesion),House Committee on Ways and Means; House Permanent Select Committee on Intelligence; House Committee on Ways and Means (Subcommittee); House Permanent Select Committee on Intelligence (Subcommittee),N/A (No net worth disclosure provided in sources)
S001199,Lloyd Smucker,House,Republican,PA,District 11,2025-01-03,62,1964-01-23,"High School Diploma, Lancaster Mennonite High School (attended Franklin & Marshall College)",President of Smucker Company (commercial drywall construction),Unknown,Unknown,Individual/PAC contributions,"Fiscal Responsibility and Budget Reform, Workforce Development and Education, Economic Growth and Job Creation",Projected ~95%-99% Republican (High Cohesion),Joint Economic Committee; House Committee on Ways and Means; House Committee on the Budget; House Committee on Ways and Means (Subcommittee),N/A (No net worth disclosure provided in sources)
K000392,David Kustoff,House,Republican,TN,District 8,2025-01-03,59,1966-10-08,"Juris Doctor (J.D.), University of Memphis Cecil C. Humphreys School of Law",Attorney in private practice and U.S. Attorney for the Western District of Tennessee,Unknown,Unknown,Individual/PAC contributions,"Economic growth and tax reform, Law enforcement and public safety, Agriculture and rural development",Projected ~95%-99% Republican (High Cohesion),House Committee on Ways and Means; House Committee on Ways and Means (Subcommittee),N/A (No net worth disclosure provided in sources)
G000581,Vicente Gonzalez,House,Democrat,TX,District 34,2025-01-03,58,1967-09-04,Juris Doctor (J.D.) from Texas Wesleyan University School of Law (now Texas A&M University School of Law),Attorney and founder of V. Gonzalez & Associates,Unknown,Unknown,Individual/PAC contributions,"Veterans' affairs and benefits, Healthcare access and lowering prescription drug costs, Economic development and border infrastructure",Projected ~95%-99% Democratic (High Cohesion),House Committee on Financial Services; House Committee on Financial Services (Subcommittee),N/A (No net worth disclosure provided in sources)
A000375,Jodey Arrington,House,Republican,TX,District 19,2025-01-03,54,1972-03-09,"Master of Public Administration (MPA), Texas Tech University","Healthcare executive, university administrator, and economic development president",Unknown,Unknown,Individual/PAC contributions,"Fiscal responsibility and federal budget reform, Agriculture and rural community advocacy, Energy independence and oil/gas production",Projected ~95%-99% Republican (High Cohesion),Joint Economic Committee; House Committee on Ways and Means; House Committee on the Budget; House Committee on Ways and Means (Subcommittee),N/A (No net worth disclosure provided in sources)
J000298,Pramila Jayapal,House,Democrat,WA,District 7,2025-01-03,60,1965-09-21,Master of Business Administration (MBA) from Northwestern University,"Immigrant rights advocate, community organizer, and financial analyst",Unknown,Unknown,Individual/PAC contributions,"Medicare for All and healthcare access, Immigration reform and humane pathway to citizenship, Economic justice, labor rights, and wealth inequality",Projected ~95%-99% Democratic (High Cohesion),House Committee on the Judiciary; House Committee on Foreign Affairs; House Committee on the Budget; House Committee on the Judiciary (Subcommittee); House Committee on Foreign Affairs (Subcommittee),N/A (No net worth disclosure provided in sources)
E000298,Ron Estes,House,Republican,KS,District 4,2025-01-03,70,1956-07-19,Master of Business Administration (MBA) from Wichita State University,Industrial engineer and business consultant in the manufacturing and aerospace sectors,Unknown,Unknown,Individual/PAC contributions,"Tax reform and fiscal responsibility, Aviation and manufacturing growth, Agriculture and trade support",Projected ~95%-99% Republican (High Cohesion),Joint Economic Committee; House Committee on Ways and Means; House Committee on the Budget; House Committee on Ways and Means (Subcommittee),N/A (No net worth disclosure provided in sources)
N000190,Ralph Norman,House,Republican,SC,District 5,2025-01-03,73,1953-06-20,Bachelor of Science in Business Administration from Presbyterian College,Real estate developer and businessman,Unknown,Unknown,Individual/PAC contributions,"Fiscal responsibility and reducing the national debt, Enacting congressional term limits, Deregulation and supporting small businesses",Projected ~95%-99% Republican (High Cohesion),House Committee on Financial Services; House Committee on Rules; House Committee on the Budget; House Committee on Financial Services (Subcommittee); House Committee on Rules (Subcommittee),N/A (No net worth disclosure provided in sources)
G000585,Jimmy Gomez,House,Democrat,CA,District 34,2025-01-03,51,1974-11-25,Master of Public Policy (MPP) from Harvard University,Labor organizer and political advocate,Unknown,Unknown,Individual/PAC contributions,"Labor and workers' rights, Affordable housing and homelessness, Healthcare access and reform",Projected ~95%-99% Democratic (High Cohesion),House Committee on Ways and Means; House Permanent Select Committee on Intelligence; House Committee on Ways and Means (Subcommittee); House Permanent Select Committee on Intelligence (Subcommittee),N/A (No net worth disclosure provided in sources)
C001114,John Curtis,Senate,Republican,UT,Unknown,2025-01-03,66,1960-05-10,"Bachelor of Science in Business Management, Brigham Young University","Chief Operating Officer of Action Target, Sales and marketing executive",Unknown,Unknown,Individual/PAC contributions,"Conservative climate and energy solutions, Public lands and natural resource management, Economic growth and fiscal responsibility",Projected ~95%-99% Republican (High Cohesion),"Senate Committee on Commerce, Science, and Transportation; Senate Committee on Commerce, Science, and Transportation (Subcommittee); Senate Committee on Environment and Public Works; Senate Committee on Environment and Public Works (Subcommittee); Senate Committee on Foreign Relations; Senate Committee on Foreign Relations (Subcommittee); Senate Committee on Small Business and Entrepreneurship",N/A (No net worth disclosure provided in sources)
S001203,Tina Smith,Senate,Democrat,MN,Unknown,2021-01-03,68,1958-03-04,Master of Business Administration (MBA) from the Tuck School of Business at Dartmouth College,"Marketing executive at General Mills and Vice President of External Affairs for Planned Parenthood Minnesota, North Dakota, South Dakota",9221473.92,8787690.79,Individual/PAC contributions,"Healthcare access and reproductive rights, Agriculture and rural development, Clean energy and climate change",Projected ~95%-99% Democratic (High Cohesion),"Senate Committee on Agriculture, Nutrition, and Forestry; Senate Committee on Agriculture, Nutrition, and Forestry (Subcommittee); Senate Committee on Banking, Housing, and Urban Affairs; Senate Committee on Banking, Housing, and Urban Affairs (Subcommittee); Senate Committee on Finance; Senate Committee on Finance (Subcommittee); Senate Committee on Indian Affairs",N/A (No net worth disclosure provided in sources)
H001079,Cindy Hyde-Smith,Senate,Republican,MS,Unknown,2021-01-03,67,1959-05-10,"Bachelor of Arts, University of Southern Mississippi",Cattle farmer and livestock marketing business co-owner,5458311.27,3083958.06,Individual/PAC contributions,"Agriculture and rural development, Pro-life advocacy, Border security and immigration enforcement",Projected ~95%-99% Republican (High Cohesion),"Senate Committee on Agriculture, Nutrition, and Forestry; Senate Committee on Agriculture, Nutrition, and Forestry (Subcommittee); Senate Committee on Appropriations; Senate Committee on Appropriations (Subcommittee); Senate Committee on Energy and Natural Resources; Senate Committee on Energy and Natural Resources (Subcommittee); Senate Committee on Rules and Administration; Joint Committee of Congress on the Library",N/A (No net worth disclosure provided in sources)
C001115,Michael Cloud,House,Republican,TX,District 27,2025-01-03,51,1975-05-13,"Bachelor of Science in Mass Media, Oral Roberts University",Small business owner and media production consultant,1062240.61,927985.27,Individual/PAC contributions,"Fiscal responsibility and reducing government spending, Border security and immigration enforcement, Protecting constitutional rights and the Second Amendment",Projected ~95%-99% Republican (High Cohesion),House Committee on Appropriations; House Committee on Oversight and Government Reform; House Committee on Appropriations (Subcommittee); House Committee on Oversight and Accountability (Subcommittee),N/A (No net worth disclosure provided in sources)
B001306,Troy Balderson,House,Republican,OH,District 12,2025-01-03,64,1962-01-16,"Muskingum University, Ohio State University (attended)",Public service,Unknown,Unknown,Individual/PAC contributions,General legislative priorities,Projected ~95%-99% Republican (High Cohesion),House Committee on Energy and Commerce; House Committee on Energy and Commerce (Subcommittee),N/A (No net worth disclosure provided in sources)
H001082,Kevin Hern,House,Republican,OK,District 1,2025-01-03,64,1961-12-04,"Arkansas Tech University (BS), Georgia Tech (MS in Aerospace Engineering), University of Arkansas Little Rock (MBA)",Public service,Unknown,Unknown,Individual/PAC contributions,General legislative priorities,Projected ~95%-99% Republican (High Cohesion),House Committee on Ways and Means; House Committee on Ways and Means (Subcommittee),N/A (No net worth disclosure provided in sources)
M001206,Joseph Morelle,House,Democrat,NY,District 25,2025-01-03,69,1957-04-29,"Bachelor of Arts in Political Science, State University of New York at Geneseo",Insurance broker and president of a computer software consulting firm,Unknown,Unknown,Individual/PAC contributions,"Gun violence prevention, Healthcare access and affordability, Economic development and workforce training",Projected ~95%-99% Democratic (High Cohesion),Joint Committee on Printing; Joint Committee of Congress on the Library; House Committee on Appropriations; House Committee on House Administration; House Committee on Appropriations (Subcommittee); Committee on House Administration (Subcommittee),N/A (No net worth disclosure provided in sources)
S001205,Mary Scanlon,House,Democrat,PA,District 5,2025-01-03,66,1959-08-30,Juris Doctor (J.D.) from the University of Pennsylvania Law School,"Attorney, serving as national pro bono counsel at Ballard Spahr",990585.93,859741.53,Individual/PAC contributions,"Voting rights and election reform, Education and child advocacy, Gun violence prevention",Projected ~95%-99% Democratic (High Cohesion),House Committee on the Judiciary; House Committee on Rules; House Committee on the Judiciary (Subcommittee); House Committee on Rules (Subcommittee),N/A (No net worth disclosure provided in sources)
C001055,Ed Case,House,Democrat,HI,District 1,2025-01-03,73,1952-09-27,"Juris Doctor (J.D.) from the University of California, Hastings College of the Law",Attorney in private practice,Unknown,Unknown,Individual/PAC contributions,"Fiscal responsibility and national debt reduction, Environmental protection and marine conservation, Indo-Pacific national security and regional stability",Projected ~95%-99% Democratic (High Cohesion),House Committee on Appropriations; House Committee on Appropriations (Subcommittee),N/A (No net worth disclosure provided in sources)
H001066,Steven Horsford,House,Democrat,NV,District 4,2025-01-03,53,1973-04-29,"Bachelor of Science in Political Science and Communications, University of Nevada, Reno","CEO of the Culinary Training Academy, Workforce development executive, Public relations and communications consultant",Unknown,Unknown,Individual/PAC contributions,"Workforce development and job training, Healthcare access and lowering prescription drug costs, Affordable housing and economic opportunity",Projected ~95%-99% Democratic (High Cohesion),House Committee on Ways and Means; House Committee on Ways and Means (Subcommittee),"$192,510"
S001211,Greg Stanton,House,Democrat,AZ,District 4,2025-01-03,56,1970-03-08,"Marquette University (BA in History/Political Science), University of Michigan Law School (JD)",Public service,2117114.23,1112555.97,Individual/PAC contributions,General legislative priorities,Projected ~95%-99% Democratic (High Cohesion),House Committee on Transportation and Infrastructure; House Committee on Foreign Affairs; House Select Committee on the Strategic Competition Between the United States and the Chinese Communist Party; House Committee on Transportation and Infrastructure (Subcommittee); House Committee on Foreign Affairs (Subcommittee),N/A (No net worth disclosure provided in sources)
H001090,Josh Harder,House,Democrat,CA,District 9,2025-01-03,40,1986-08-01,"Stanford University (BA in Economics/Political Science), Harvard Business School (MBA), Harvard Kennedy School (MPP)",Public service,4083527.6,1032871.24,Individual/PAC contributions,General legislative priorities,Projected ~95%-99% Democratic (High Cohesion),House Committee on Appropriations; House Committee on Appropriations (Subcommittee),N/A (No net worth disclosure provided in sources)
L000593,Mike Levin,House,Democrat,CA,District 49,2025-01-03,47,1978-10-28,Juris Doctor (JD) from Duke University School of Law,Environmental attorney and clean energy business executive,Unknown,Unknown,Individual/PAC contributions,"Climate change and clean energy transition, Veterans' affairs and support services, Coastal preservation and environmental protection",Projected ~95%-99% Democratic (High Cohesion),House Committee on Appropriations; House Committee on Appropriations (Subcommittee),N/A (No net worth disclosure provided in sources)
N000191,Joe Neguse,House,Democrat,CO,District 2,2025-01-03,42,1984-05-13,Juris Doctor (J.D.) from the University of Colorado Law School,Attorney,Unknown,Unknown,Individual/PAC contributions,"Environmental protection and public lands conservation, Gun violence prevention, Affordable healthcare and education access",Projected ~95%-99% Democratic (High Cohesion),House Committee on Natural Resources; House Committee on the Judiciary; House Committee on Rules; House Committee on Natural Resources (Subcommittee); House Committee on the Judiciary (Subcommittee); House Committee on Rules (Subcommittee),N/A (No net worth disclosure provided in sources)
C001121,Jason Crow,House,Democrat,CO,District 6,2025-01-03,47,1979-03-15,Juris Doctor (J.D.) from the University of Denver Sturm College of Law,"U.S. Army Ranger (Military Officer), Attorney",Unknown,Unknown,Individual/PAC contributions,"Gun violence prevention, National security and defense, Campaign finance and government reform",Projected ~95%-99% Democratic (High Cohesion),House Committee on Armed Services; House Permanent Select Committee on Intelligence; House Committee on Armed Services (Subcommittee); House Permanent Select Committee on Intelligence (Subcommittee),N/A (No net worth disclosure provided in sources)
H001081,Jahana Hayes,House,Democrat,CT,District 5,2025-01-03,53,1973-03-08,Sixth-Year Educational Specialist (Ed.S.) degree from the University of Bridgeport,Public School Teacher,Unknown,Unknown,Individual/PAC contributions,"Education and teacher support, Agriculture and food security, Labor and support for working families",Projected ~95%-99% Democratic (High Cohesion),House Committee on Agriculture; House Committee on Education and Workforce; House Committee on Agriculture (Subcommittee); House Committee on Education and the Workforce (Subcommittee),N/A (No net worth disclosure provided in sources)
S001214,W. Steube,House,Republican,FL,District 17,2025-01-03,48,1978-05-19,Juris Doctor (J.D.) from the University of Florida Levin College of Law,U.S. Army JAG Corps Officer and Private Practice Attorney,Unknown,Unknown,Individual/PAC contributions,"Second Amendment Rights, Veterans' Affairs and Military Support, Border Security and Immigration Enforcement",Projected ~95%-99% Republican (High Cohesion),House Committee on Ways and Means; House Permanent Select Committee on Intelligence; House Committee on Ways and Means (Subcommittee); House Permanent Select Committee on Intelligence (Subcommittee),N/A (No net worth disclosure provided in sources)
M001208,Lucy McBath,House,Democrat,GA,District 6,2025-01-03,66,1960-06-01,"Bachelor of Arts in Political Science, Virginia State University","Flight Attendant (Delta Air Lines), National Spokesperson and Advocate for Everytown for Gun Safety and Moms Demand Action",Unknown,Unknown,Individual/PAC contributions,"Gun Violence Prevention, Healthcare Access and Affordability, Education and Family Support",Projected ~95%-99% Democratic (High Cohesion),House Committee on the Judiciary; House Committee on Education and Workforce; House Committee on the Judiciary (Subcommittee); House Committee on Education and the Workforce (Subcommittee),N/A (No net worth disclosure provided in sources)
F000469,Russ Fulcher,House,Republican,ID,District 1,2025-01-03,64,1962-03-09,Master of Business Administration (MBA) from Boise State University,"Technology industry executive (Micron Technology), Real estate broker and developer",662615.45,597924.46,Individual/PAC contributions,"Fiscal responsibility and reducing federal spending, Energy independence and federal land management, Protecting constitutional rights and state sovereignty",Projected ~95%-99% Republican (High Cohesion),House Committee on Natural Resources; House Committee on Energy and Commerce; House Committee on Natural Resources (Subcommittee); House Committee on Energy and Commerce (Subcommittee),N/A (No net worth disclosure provided in sources)
G000586,Jesús García,House,Democrat,IL,District 4,2025-01-03,70,1956-04-12,"Master of Urban Planning and Policy, University of Illinois at Chicago","Community organizer, legal assistant, and non-profit executive director",375959.31,383531.51,Individual/PAC contributions,"Immigration reform and immigrant rights, Transportation and infrastructure investment, Progressive economic justice and labor rights",Projected ~95%-99% Democratic (High Cohesion),House Committee on Transportation and Infrastructure; House Committee on the Judiciary; House Committee on Transportation and Infrastructure (Subcommittee); House Committee on the Judiciary (Subcommittee),N/A (No net worth disclosure provided in sources)
C001117,Sean Casten,House,Democrat,IL,District 6,2025-01-03,54,1971-11-23,Master of Engineering Management and M.S. in Biochemical Engineering from Dartmouth College,Clean energy entrepreneur and executive (CEO of Recycled Energy Development and Turbosteam),Unknown,Unknown,Individual/PAC contributions,"Climate change and clean energy transition, Economic growth and financial services regulation, Gun violence prevention",Projected ~95%-99% Democratic (High Cohesion),Joint Economic Committee; House Committee on Financial Services; House Committee on Financial Services (Subcommittee),N/A (No net worth disclosure provided in sources)
U000040,Lauren Underwood,House,Democrat,IL,District 14,2025-01-03,39,1986-10-04,Master of Science in Nursing (MSN) and Master of Public Health (MPH) from Johns Hopkins University,Registered Nurse and Senior Advisor at the U.S. Department of Health and Human Services,Unknown,Unknown,Individual/PAC contributions,"Healthcare access, affordability, and maternal health, Gun violence prevention, Climate change and environmental protection",Projected ~95%-99% Democratic (High Cohesion),House Committee on Appropriations; House Committee on Appropriations (Subcommittee),N/A (No net worth disclosure provided in sources)
B001307,James Baird,House,Republican,IN,District 4,2025-01-03,81,1945-06-04,"Ph.D. in Animal Science, University of Kentucky","Farmer, animal nutritionist, and agricultural small business owner",358292.51,481341.66,Individual/PAC contributions,"Agriculture and rural development, Veterans' affairs and support, Science, technology, and research promotion",Projected ~95%-99% Republican (High Cohesion),"House Committee on Science, Space, and Technology; House Committee on Agriculture; House Committee on Foreign Affairs; House Committee on Agriculture (Subcommittee); House Committee on Science, Space, and Technology (Subcommittee); House Committee on Foreign Affairs (Subcommittee)",N/A (No net worth disclosure provided in sources)
D000629,Sharice Davids,House,Democrat,KS,District 3,2025-01-03,46,1980-05-22,"Johnson County Community College (AA), University of Missouri-Kansas City (BA in Business), Cornell Law School (JD)",Public service,4860761.14,4852128.71,Individual/PAC contributions,General legislative priorities,Projected ~95%-99% Democratic (High Cohesion),House Committee on Transportation and Infrastructure; House Committee on Agriculture; House Committee on Agriculture (Subcommittee); House Committee on Transportation and Infrastructure (Subcommittee),N/A (No net worth disclosure provided in sources)
T000482,Lori Trahan,House,Democrat,MA,District 3,2025-01-03,52,1973-10-27,Bachelor of Science in Foreign Service (BSFS) from Georgetown University,"Management consultant, business executive, and congressional chief of staff",1580068.12,1258131.33,Individual/PAC contributions,"Expanding access to affordable healthcare and combating the opioid epidemic, Investing in education, vocational training, and workforce development, Promoting economic opportunity and support for working families",Projected ~95%-99% Democratic (High Cohesion),House Committee on Energy and Commerce; House Committee on Energy and Commerce (Subcommittee),N/A (No net worth disclosure provided in sources)
P000617,Ayanna Pressley,House,Democrat,MA,District 7,2025-01-03,52,1974-02-03,Attended Boston University (No degree obtained),"Congressional Aide, Hotel Guest Services Coordinator",1491070.15,1404970.37,Individual/PAC contributions,"Criminal justice reform, Reproductive justice and healthcare access, Economic inequality and student debt cancellation",Projected ~95%-99% Democratic (High Cohesion),House Committee on Oversight and Government Reform; House Committee on Financial Services; House Committee on Oversight and Accountability (Subcommittee); House Committee on Financial Services (Subcommittee),N/A (No net worth disclosure provided in sources)
S001208,Elissa Slotkin,Senate,Democrat,MI,Unknown,2025-01-03,50,1976-07-10,"Master of International Affairs, Columbia University",CIA Analyst and Department of Defense Official,7467572.93,7448338.28,Individual/PAC contributions,"National security and defense, Lowering healthcare and prescription drug costs, Strengthening domestic manufacturing and supply chains",Projected ~95%-99% Democratic (High Cohesion),"Senate Committee on Agriculture, Nutrition, and Forestry; Senate Committee on Agriculture, Nutrition, and Forestry (Subcommittee); Senate Committee on Armed Services; Senate Committee on Armed Services (Subcommittee); Senate Committee on Homeland Security and Governmental Affairs; Senate Committee on Homeland Security and Governmental Affairs (Subcommittee); Senate Committee on Veterans' Affairs",N/A (No net worth disclosure provided in sources)
S001215,Haley Stevens,House,Democrat,MI,District 11,2025-01-03,43,1983-06-24,"American University (BA in Political Science/Philosophy, MA in Social Policy)",Public service,1564027.75,2317732.95,Individual/PAC contributions,General legislative priorities,Projected ~95%-99% Democratic (High Cohesion),"House Committee on Science, Space, and Technology; House Committee on Education and Workforce; House Select Committee on the Strategic Competition Between the United States and the Chinese Communist Party; House Committee on Science, Space, and Technology (Subcommittee); House Committee on Education and the Workforce (Subcommittee)",N/A (No net worth disclosure provided in sources)
T000481,Rashida Tlaib,House,Democrat,MI,District 12,2025-01-03,50,1976-07-24,Juris Doctor (J.D.) from Western Michigan University Cooley Law School,Attorney and community advocacy director,Unknown,Unknown,Individual/PAC contributions,"Medicare for All, Green New Deal and environmental justice, Economic inequality and civil rights",Projected ~95%-99% Democratic (High Cohesion),House Committee on Oversight and Government Reform; House Committee on Financial Services; House Committee on Financial Services (Subcommittee),N/A (No net worth disclosure provided in sources)
C001119,Angie Craig,House,Democrat,MN,District 2,2025-01-03,54,1972-02-14,Bachelor of Arts in Journalism from St. Cloud State University,Journalist and Corporate Communications Executive at St. Jude Medical,1402823.75,1426426.16,Individual/PAC contributions,"Healthcare access and lowering prescription drug costs, Agriculture and rural economic development, Infrastructure and small business support",Projected ~95%-99% Democratic (High Cohesion),House Committee on Agriculture,N/A (No net worth disclosure provided in sources)
O000173,Ilhan Omar,House,Democrat,MN,District 5,2025-01-03,44,1981-10-04,"Bachelor of Arts in Political Science and International Studies, North Dakota State University","Community organizer, nutrition educator, and policy analyst",Unknown,Unknown,Individual/PAC contributions,"Medicare for All, Green New Deal and climate justice, Affordable housing and student debt cancellation",Projected ~95%-99% Democratic (High Cohesion),House Committee on Education and Workforce; House Committee on the Budget; House Committee on Education and the Workforce (Subcommittee),N/A (No net worth disclosure provided in sources)
S001212,Pete Stauber,House,Republican,MN,District 8,2025-01-03,60,1966-05-10,Bachelor of Science in Criminology from Lake Superior State University,"Police Officer (Duluth Police Department), Professional Hockey Player",1996897.61,1324554.99,Individual/PAC contributions,"Mining and Natural Resources, Law Enforcement and Public Safety, Economic Development and Infrastructure",Projected ~95%-99% Republican (High Cohesion),House Committee on Natural Resources; House Committee on Transportation and Infrastructure; House Committee on Small Business; House Committee on Natural Resources (Subcommittee); House Committee on Small Business (Subcommittee); House Committee on Transportation and Infrastructure (Subcommittee),N/A (No net worth disclosure provided in sources)
G000591,Michael Guest,House,Republican,MS,District 3,2025-01-03,56,1970-02-04,Juris Doctor (J.D.) from the University of Mississippi School of Law,"District Attorney for Madison and Rankin Counties, Assistant District Attorney",822760.85,371591.19,Individual/PAC contributions,"Border Security and Homeland Security, Law Enforcement and Public Safety Support, Agriculture and Economic Development",Projected ~95%-99% Republican (High Cohesion),House Committee on Appropriations; House Committee on Homeland Security; House Committee on Ethics; House Committee on Homeland Security (Subcommittee); House Committee on Appropriations (Subcommittee),N/A (No net worth disclosure provided in sources)
P000614,Chris Pappas,House,Democrat,NH,District 1,2025-01-03,46,1980-06-04,"Bachelor of Arts in Government, Harvard University","Restaurant co-owner and manager, Small business owner",Unknown,Unknown,Individual/PAC contributions,"Veterans' affairs, Infrastructure and transportation, Small business and economic development",Projected ~95%-99% Democratic (High Cohesion),House Committee on Transportation and Infrastructure; House Committee on Veterans' Affairs; House Committee on Transportation and Infrastructure (Subcommittee); House Committee on Veterans' Affairs (Subcommittee),N/A (No net worth disclosure provided in sources)
V000133,Jefferson Van Drew,House,Republican,NJ,District 2,2025-01-03,73,1953-02-23,Doctor of Dental Medicine (D.M.D.) from Fairleigh Dickinson University,Dentist,Unknown,Unknown,Individual/PAC contributions,"Border Security and Immigration, Veterans' Affairs, Economic Development and Infrastructure",Projected ~95%-99% Republican (High Cohesion),House Committee on Transportation and Infrastructure; House Committee on the Judiciary; House Committee on Transportation and Infrastructure (Subcommittee); House Committee on the Judiciary (Subcommittee),N/A (No net worth disclosure provided in sources)
K000394,Andy Kim,Senate,Democrat,NJ,Unknown,2025-01-03,44,1982-07-12,DPhil in International Relations from the University of Oxford,National security advisor and diplomat for the U.S. State Department and National Security Council,Unknown,Unknown,Individual/PAC contributions,"Healthcare access and lowering prescription drug costs, Government integrity, ethics reform, and campaign finance reform, National security, foreign policy, and veterans' affairs",Projected ~95%-99% Democratic (High Cohesion),"Senate Committee on Banking, Housing, and Urban Affairs; Senate Committee on Banking, Housing, and Urban Affairs (Subcommittee); Senate Committee on Commerce, Science, and Transportation; Senate Committee on Commerce, Science, and Transportation (Subcommittee); Senate Committee on Health, Education, Labor, and Pensions; Senate Committee on Health, Education, Labor, and Pensions (Subcommittee); Senate Committee on Homeland Security and Governmental Affairs; Senate Committee on Homeland Security and Governmental Affairs (Subcommittee); Senate Special Committee on Aging",N/A (No net worth disclosure provided in sources)
L000590,Susie Lee,House,Democrat,NV,District 3,2025-01-03,59,1966-11-07,"Master of Public Management, Carnegie Mellon University",Nonprofit executive and education advocate,Unknown,Unknown,Individual/PAC contributions,"Public education and school improvement, Healthcare affordability and access, Water resource management and drought mitigation",Projected ~95%-99% Democratic (High Cohesion),House Committee on Natural Resources; House Committee on Appropriations; House Committee on Natural Resources (Subcommittee); House Committee on Appropriations (Subcommittee),N/A (No net worth disclosure provided in sources)
O000172,Alexandria Ocasio-Cortez,House,Democrat,NY,District 14,2025-01-03,36,1989-10-13,Bachelor of Arts in International Relations and Economics from Boston University,"Bartender and waitress, Educational director for the National Hispanic Institute, Community organizer",Unknown,Unknown,Individual/PAC contributions,"Green New Deal and climate action, Medicare for All, Economic justice and tuition-free public college",Projected ~95%-99% Democratic (High Cohesion),House Committee on Energy and Commerce; House Committee on Energy and Commerce (Subcommittee),N/A (No net worth disclosure provided in sources)
D000631,Madeleine Dean,House,Democrat,PA,District 4,2025-01-03,67,1959-06-06,Juris Doctor (J.D.) from Widener University School of Law,Attorney and Assistant Professor of English at La Salle University,1371535.9,1155470.25,Individual/PAC contributions,"Gun violence prevention, Combating the opioid epidemic, Environmental protection and PFAS clean-up",Projected ~95%-99% Democratic (High Cohesion),House Committee on Appropriations; House Committee on Foreign Affairs; House Committee on Appropriations (Subcommittee); House Committee on Foreign Affairs (Subcommittee),N/A (No net worth disclosure provided in sources)
H001085,Chrissy Houlahan,House,Democrat,PA,District 6,2025-01-03,59,1967-06-05,Master of Science (M.S.) in Technology and Policy from the Massachusetts Institute of Technology,"U.S. Air Force officer, business executive (AND1, B Lab), and chemistry teacher",Unknown,Unknown,Individual/PAC contributions,"Healthcare access and affordability, Economic growth and job creation, National security and defense",Projected ~95%-99% Democratic (High Cohesion),House Committee on Armed Services; House Permanent Select Committee on Intelligence; House Committee on Armed Services (Subcommittee); House Permanent Select Committee on Intelligence (Subcommittee),N/A (No net worth disclosure provided in sources)
M001204,Daniel Meuser,House,Republican,PA,District 9,2025-01-03,62,1964-02-10,Bachelor of Arts (B.A.) in Economics from Cornell University,President and senior executive of Pride Mobility Products,Unknown,Unknown,Individual/PAC contributions,"Economic Growth and Tax Reform, Border Security and Immigration, Energy Independence",Projected ~95%-99% Republican (High Cohesion),House Committee on Financial Services; House Committee on Small Business; House Committee on Small Business (Subcommittee); House Committee on Financial Services (Subcommittee),N/A (No net worth disclosure provided in sources)
J000302,John Joyce,House,Republican,PA,District 13,2025-01-03,69,1957-02-08,"M.D., Temple University School of Medicine",Dermatologist and private practice physician,Unknown,Unknown,Individual/PAC contributions,"Healthcare reform and accessibility, Energy independence and local energy production, Economic growth and agricultural support",Projected ~95%-99% Republican (High Cohesion),House Committee on Energy and Commerce; House Committee on Energy and Commerce (Subcommittee),N/A (No net worth disclosure provided in sources)
R000610,Guy Reschenthaler,House,Republican,PA,District 14,2025-01-03,43,1983-04-17,Juris Doctor (J.D.) from Duquesne University School of Law,U.S. Navy JAG Corps attorney and Magisterial District Judge,4209644.42,3768043.63,Individual/PAC contributions,"Energy independence and supporting the domestic natural gas industry, National security, defense, and veterans' affairs, Economic growth through deregulation and tax relief",Projected ~95%-99% Republican (High Cohesion),House Committee on Appropriations; House Committee on Appropriations (Subcommittee),N/A (No net worth disclosure provided in sources)
T000480,William Timmons,House,Republican,SC,District 4,2025-01-03,42,1984-04-30,"Juris Doctor and Master of International Business, University of South Carolina","Attorney, prosecutor, and small business owner",1595724.66,1538615.07,Individual/PAC contributions,"Fiscal responsibility and reducing government spending, Economic growth and supporting small businesses, Government accountability and modernization of Congress",Projected ~95%-99% Republican (High Cohesion),House Committee on Oversight and Government Reform; House Committee on Financial Services; House Committee on Oversight and Accountability (Subcommittee); House Committee on Financial Services (Subcommittee),N/A (No net worth disclosure provided in sources)
J000301,Dusty Johnson,House,Republican,SD,District 0,2025-01-03,49,1976-09-30,Master of Public Administration (M.P.A.) from the University of Kansas,Telecommunications executive and government policy advisor,Unknown,Unknown,Individual/PAC contributions,"Agriculture and rural development, Fiscal responsibility and national debt reduction, Welfare reform and work requirements",Projected ~95%-99% Republican (High Cohesion),House Committee on Transportation and Infrastructure; House Committee on Agriculture; House Committee on Agriculture (Subcommittee); House Select Committee on the Strategic Competition Between the United States and the Chinese Communist Party; House Committee on Transportation and Infrastructure (Subcommittee),N/A (No net worth disclosure provided in sources)
B001309,Tim Burchett,House,Republican,TN,District 2,2025-01-03,61,1964-08-25,"Bachelor of Science in Business Administration, University of Tennessee, Knoxville",Small business owner (landscaping and waste disposal),Unknown,Unknown,Individual/PAC contributions,"Fiscal responsibility and reducing the national debt, Government transparency and UAP (UFO) disclosure, Veterans' care and advocacy",Projected ~95%-99% Republican (High Cohesion),House Committee on Transportation and Infrastructure; House Committee on Oversight and Government Reform; House Committee on Foreign Affairs; House Committee on Transportation and Infrastructure (Subcommittee); House Committee on Oversight and Accountability (Subcommittee); House Committee on Foreign Affairs (Subcommittee),N/A (No net worth disclosure provided in sources)
R000612,John Rose,House,Republican,TN,District 6,2025-01-03,61,1965-02-23,Juris Doctor (J.D.) from Vanderbilt University,"Agribusiness Owner, Farmer, Attorney, Tennessee Commissioner of Agriculture",Unknown,Unknown,Individual/PAC contributions,"Agriculture and Rural Development, Fiscal Responsibility and Debt Reduction, Border Security and Immigration Enforcement",Projected ~95%-99% Republican (High Cohesion),House Committee on Agriculture; House Committee on Financial Services; House Committee on Agriculture (Subcommittee); House Committee on Financial Services (Subcommittee),N/A (No net worth disclosure provided in sources)
C001120,Dan Crenshaw,House,Republican,TX,District 2,2025-01-03,42,1984-03-14,Master of Public Administration (MPA) from Harvard University,U.S. Navy SEAL Officer,Unknown,Unknown,Individual/PAC contributions,"National Security and Border Security, Healthcare Reform, Energy and Economic Growth",Projected ~95%-99% Republican (High Cohesion),House Committee on Energy and Commerce; House Permanent Select Committee on Intelligence; House Committee on Energy and Commerce (Subcommittee); House Permanent Select Committee on Intelligence (Subcommittee),N/A (No net worth disclosure provided in sources)
G000589,Lance Gooden,House,Republican,TX,District 5,2025-01-03,43,1982-12-01,Bachelor of Arts in Government and Bachelor of Business Administration in Finance from the University of Texas at Austin,"Business development consultant, Insurance broker",1341647.18,729586.83,Individual/PAC contributions,"Border security and immigration enforcement, Fiscal responsibility and reducing government spending, National security and combating human trafficking",Projected ~95%-99% Republican (High Cohesion),House Committee on the Judiciary; House Committee on Armed Services; House Committee on Armed Services (Subcommittee); House Committee on the Judiciary (Subcommittee),N/A (No net worth disclosure provided in sources)
F000468,Lizzie Fletcher,House,Democrat,TX,District 7,2025-01-03,51,1975-02-13,Juris Doctor (J.D.) from William & Mary Law School,Business litigation attorney and law firm partner,Unknown,Unknown,Individual/PAC contributions,"Healthcare access and reproductive rights, Energy transition and flood mitigation, Infrastructure and transportation investment",Projected ~95%-99% Democratic (High Cohesion),House Committee on Energy and Commerce; House Committee on Energy and Commerce (Subcommittee),N/A (No net worth disclosure provided in sources)
E000299,Veronica Escobar,House,Democrat,TX,District 16,2025-01-03,56,1969-09-15,Master of Arts (M.A.) in English from New York University,"College English Instructor, Nonprofit Executive Director",Unknown,Unknown,Individual/PAC contributions,"Immigration and Border Reform, Gun Violence Prevention, Healthcare Access and Reproductive Rights",Projected ~95%-99% Democratic (High Cohesion),House Committee on Appropriations; House Committee on the Budget; House Committee on Appropriations (Subcommittee),N/A (No net worth disclosure provided in sources)
R000614,Chip Roy,House,Republican,TX,District 21,2025-01-03,54,1972-08-07,Juris Doctor (J.D.) from the University of Texas School of Law,"Attorney, federal prosecutor, and political chief of staff",Unknown,Unknown,Individual/PAC contributions,"Fiscal responsibility and federal spending cuts, Border security and immigration enforcement, Healthcare reform and individual liberty",Projected ~95%-99% Republican (High Cohesion),House Committee on the Judiciary; House Committee on Rules; House Committee on the Budget; House Committee on the Judiciary (Subcommittee); House Committee on Rules (Subcommittee),N/A (No net worth disclosure provided in sources)
G000587,Sylvia Garcia,House,Democrat,TX,District 29,2025-01-03,75,1950-09-06,Juris Doctor (JD) from the Thurgood Marshall School of Law at Texas Southern University,"Social Worker, Attorney",Unknown,Unknown,Individual/PAC contributions,"Immigration Reform, Healthcare Access, Economic Opportunity and Labor Rights",Projected ~95%-99% Democratic (High Cohesion),House Committee on Financial Services; House Committee on Ethics; House Committee on Financial Services (Subcommittee),N/A (No net worth disclosure provided in sources)
C001118,Ben Cline,House,Republican,VA,District 6,2025-01-03,54,1972-02-29,Juris Doctor (J.D.) from the University of Richmond School of Law,Attorney in private practice and Assistant Commonwealth's Attorney (prosecutor),Unknown,Unknown,Individual/PAC contributions,"Fiscal responsibility and government spending reform, Protection of Second Amendment rights, Agriculture and rural economic development",Projected ~95%-99% Republican (High Cohesion),House Committee on the Judiciary; House Committee on Appropriations; House Permanent Select Committee on Intelligence; House Committee on the Budget; House Committee on Appropriations (Subcommittee); House Committee on the Judiciary (Subcommittee); House Permanent Select Committee on Intelligence (Subcommittee),N/A (No net worth disclosure provided in sources)
S001216,Kim Schrier,House,Democrat,WA,District 8,2025-01-03,57,1968-08-23,"M.D., University of California, Davis School of Medicine",Pediatrician,3016893.52,1329765.23,Individual/PAC contributions,"Healthcare access and lowering prescription drug costs, Agricultural support and rural economic development, Environmental conservation and climate change mitigation",Projected ~95%-99% Democratic (High Cohesion),House Committee on Energy and Commerce; House Committee on Energy and Commerce (Subcommittee),N/A (No net worth disclosure provided in sources)
S001213,Bryan Steil,House,Republican,WI,District 1,2025-01-03,45,1981-03-30,Juris Doctor (J.D.) from the University of Wisconsin Law School,"Corporate Attorney, Manufacturing Business Executive",2314018.67,2287662.97,Individual/PAC contributions,"Economic Growth and Fiscal Responsibility, Workforce Development and Supporting Manufacturing, Election Integrity and Administration",Projected ~95%-99% Republican (High Cohesion),Joint Committee on Printing; Joint Committee of Congress on the Library; House Committee on Financial Services; House Committee on House Administration; House Committee on Financial Services (Subcommittee),N/A (No net worth disclosure provided in sources)
M001205,Carol Miller,House,Republican,WV,District 1,2025-01-03,75,1950-11-04,"Bachelor of Science in History and Political Science, Columbia College",Real estate agent and bison farmer,Unknown,Unknown,Individual/PAC contributions,"Energy independence and supporting the coal and natural gas industries, Economic growth, job creation, and tax relief, Agriculture, rural development, and infrastructure",Projected ~95%-99% Republican (High Cohesion),House Committee on Ways and Means; House Committee on Ways and Means (Subcommittee),N/A (No net worth disclosure provided in sources)
S001217,Rick Scott,Senate,Republican,FL,Unknown,2025-01-03,73,1952-12-01,Juris Doctor (J.D.) from Southern Methodist University Dedman School of Law,"Healthcare executive (co-founder of Columbia Hospital Corporation), venture capitalist, and attorney",Unknown,Unknown,Individual/PAC contributions,"Fiscal responsibility and national debt reduction, Border security and immigration enforcement, Economic growth and job creation",Projected ~95%-99% Republican (High Cohesion),Senate Committee on Armed Services; Senate Committee on Armed Services (Subcommittee); Senate Committee on Foreign Relations; Senate Committee on Foreign Relations (Subcommittee); Senate Committee on Homeland Security and Governmental Affairs; Senate Committee on Homeland Security and Governmental Affairs (Subcommittee); Senate Committee on the Budget; Senate Special Committee on Aging,N/A (No net worth disclosure provided in sources)
H001089,Joshua Hawley,Senate,Republican,MO,Unknown,2025-01-03,46,1979-12-31,Juris Doctor (J.D.) from Yale Law School,Constitutional law attorney and associate professor of law,Unknown,Unknown,Individual/PAC contributions,"Big Tech regulation and antitrust reform, Economic populism and domestic manufacturing support, Social conservatism and judicial appointments",Projected ~95%-99% Republican (High Cohesion),"Senate Committee on Health, Education, Labor, and Pensions; Senate Committee on Health, Education, Labor, and Pensions (Subcommittee); Senate Committee on Homeland Security and Governmental Affairs; Senate Committee on Homeland Security and Governmental Affairs (Subcommittee); Senate Committee on Small Business and Entrepreneurship; Senate Committee on the Judiciary; Senate Committee on the Judiciary (Subcommittee)",N/A (No net worth disclosure provided in sources)
G000592,Jared Golden,House,Democrat,ME,District 2,2025-01-03,44,1982-07-25,"Bachelor of Arts in History, Bates College","U.S. Marine Corps Infantryman, Legislative Aide",Unknown,Unknown,Individual/PAC contributions,"Working-class economic support and trade reform, Veterans' healthcare and services, Campaign finance reform and government accountability",Projected ~95%-99% Democratic (High Cohesion),House Committee on Natural Resources; House Committee on Armed Services; House Committee on Natural Resources (Subcommittee); House Committee on Armed Services (Subcommittee),N/A (No net worth disclosure provided in sources)
M001210,Gregory Murphy,House,Republican,NC,District 3,2025-01-03,63,1963-03-05,Doctor of Medicine (M.D.) from the University of North Carolina School of Medicine,Urologist and Professor of Surgery,Unknown,Unknown,Individual/PAC contributions,"Healthcare Reform, Veterans' Affairs, Fiscal Responsibility and Economic Growth",Projected ~95%-99% Republican (High Cohesion),Joint Committee on Printing; House Committee on Ways and Means; House Committee on Veterans' Affairs; House Committee on House Administration; Committee on House Administration (Subcommittee); House Committee on Ways and Means (Subcommittee); House Committee on Veterans' Affairs (Subcommittee),N/A (No net worth disclosure provided in sources)
M000687,Kweisi Mfume,House,Democrat,MD,District 7,2025-01-03,77,1948-10-24,"Master of Liberal Arts, Johns Hopkins University","Radio talk show host, program director, and community activist",Unknown,Unknown,Individual/PAC contributions,"Civil rights and social justice, Healthcare access and affordability, Urban development and economic empowerment",Projected ~95%-99% Democratic (High Cohesion),House Committee on Oversight and Government Reform; House Committee on Foreign Affairs; House Committee on Oversight and Accountability (Subcommittee); House Committee on Foreign Affairs (Subcommittee),N/A (No net worth disclosure provided in sources)
T000165,Thomas Tiffany,House,Republican,WI,District 7,2025-01-03,68,1957-12-30,"Bachelor of Science in Agricultural Economics, University of Wisconsin–River Falls","Excursion boat business owner and operator, Agricultural economist",2652454.74,2529735.4,Individual/PAC contributions,"Fiscal responsibility and reducing federal spending, Energy independence and natural resource management, Border security and immigration enforcement",Projected ~95%-99% Republican (High Cohesion),House Committee on Natural Resources; House Committee on the Judiciary; House Committee on Natural Resources (Subcommittee); House Committee on the Judiciary (Subcommittee),N/A (No net worth disclosure provided in sources)
K000377,Mark Kelly,Senate,Democrat,AZ,Unknown,2023-01-03,62,1964-02-21,"Master of Science in Aeronautical Engineering, U.S. Naval Postgraduate School",NASA Astronaut and U.S. Navy Captain/Aviator,Unknown,Unknown,Individual/PAC contributions,"Gun violence prevention, Climate change and clean energy, Economic development and job creation",Projected ~95%-99% Democratic (High Cohesion),Senate Committee on Armed Services; Senate Committee on Armed Services (Subcommittee); Senate Committee on Environment and Public Works; Senate Committee on Environment and Public Works (Subcommittee); Joint Economic Committee; Senate Select Committee on Intelligence; Senate Special Committee on Aging,N/A (No net worth disclosure provided in sources)
L000571,Cynthia Lummis,Senate,Republican,WY,Unknown,2021-01-03,71,1954-09-10,Juris Doctor (J.D.) from the University of Wyoming College of Law,Rancher and Attorney,Unknown,Unknown,Individual/PAC contributions,"Cryptocurrency and digital asset regulation, Fiscal responsibility and national debt reduction, Energy independence and natural resource development",Projected ~95%-99% Republican (High Cohesion),"Senate Committee on Banking, Housing, and Urban Affairs; Senate Committee on Banking, Housing, and Urban Affairs (Subcommittee); Senate Committee on Commerce, Science, and Transportation; Senate Committee on Commerce, Science, and Transportation (Subcommittee); Senate Committee on Environment and Public Works; Senate Committee on Environment and Public Works (Subcommittee)","$18,918,517"
I000056,Darrell Issa,House,Republican,CA,District 48,2025-01-03,72,1953-11-01,Siena Heights University (BA in Business Administration),Public service,Unknown,Unknown,Individual/PAC contributions,General legislative priorities,Projected ~95%-99% Republican (High Cohesion),"House Committee on Science, Space, and Technology; House Committee on the Judiciary; House Committee on Foreign Affairs; House Committee on Science, Space, and Technology (Subcommittee); House Committee on the Judiciary (Subcommittee); House Committee on Foreign Affairs (Subcommittee)","$480,325,019"
S000250,Pete Sessions,House,Republican,TX,District 17,2025-01-03,71,1955-03-22,"Bachelor of Science in Political Science, Southwestern University",Telecommunications executive at Southwestern Bell and Vice President of Public Policy at the National Center for Policy Analysis,Unknown,Unknown,Individual/PAC contributions,"Fiscal conservatism and tax reform, National security and border enforcement, Healthcare reform and deregulation",Projected ~95%-99% Republican (High Cohesion),House Committee on Oversight and Government Reform; House Committee on Financial Services; House Committee on Oversight and Accountability (Subcommittee); House Committee on Financial Services (Subcommittee),"$1,249,508"
V000129,David Valadao,House,Republican,CA,District 22,2025-01-03,49,1977-04-14,"High School Diploma, Hanford High School (Attended College of the Sequoias)",Dairy Farmer,Unknown,Unknown,Individual/PAC contributions,"Water Rights and Central Valley Agriculture, Immigration Reform, Economic Growth and Job Creation",Projected ~95%-99% Republican (High Cohesion),Joint Committee of Congress on the Library; House Committee on Agriculture; House Committee on Appropriations; House Committee on Agriculture (Subcommittee); House Committee on Appropriations (Subcommittee),"-$15,625,001"
T000278,Tommy Tuberville,Senate,Republican,AL,Unknown,2021-01-03,71,1954-09-18,Bachelor of Science in Physical Education from Southern Arkansas University,"College Football Coach, Sports Broadcaster",Unknown,Unknown,Individual/PAC contributions,"National Defense and Military Affairs, Agriculture and Rural Development, Conservative Social and Economic Policy",Projected ~95%-99% Republican (High Cohesion),"Senate Committee on Agriculture, Nutrition, and Forestry; Senate Committee on Agriculture, Nutrition, and Forestry (Subcommittee); Senate Committee on Armed Services; Senate Committee on Armed Services (Subcommittee); Senate Committee on Health, Education, Labor, and Pensions; Senate Committee on Health, Education, Labor, and Pensions (Subcommittee); Senate Committee on Veterans' Affairs; Senate Special Committee on Aging",N/A (No net worth disclosure provided in sources)
H000273,John Hickenlooper,Senate,Democrat,CO,Unknown,2021-01-03,74,1952-02-07,Master of Science (M.S.) in Geology from Wesleyan University,Geologist and Brewpub Entrepreneur (Co-founder of Wynkoop Brewing Company),Unknown,Unknown,Individual/PAC contributions,"Climate change and clean energy transition, Economic growth and small business support, Healthcare access and lowering prescription drug costs",Projected ~95%-99% Democratic (High Cohesion),"Senate Committee on Commerce, Science, and Transportation; Senate Committee on Commerce, Science, and Transportation (Subcommittee); Senate Committee on Energy and Natural Resources; Senate Committee on Energy and Natural Resources (Subcommittee); Senate Committee on Health, Education, Labor, and Pensions; Senate Committee on Health, Education, Labor, and Pensions (Subcommittee); Senate Committee on Small Business and Entrepreneurship",N/A (No net worth disclosure provided in sources)
H000601,Bill Hagerty,Senate,Republican,TN,Unknown,2021-01-03,66,1959-08-14,Juris Doctor (J.D.) from Vanderbilt University Law School,Private equity executive and management consultant,Unknown,Unknown,Individual/PAC contributions,"National security and foreign relations, Economic growth and trade, Border security and immigration",Projected ~95%-99% Republican (High Cohesion),"Senate Committee on Appropriations; Senate Committee on Appropriations (Subcommittee); Senate Committee on Banking, Housing, and Urban Affairs; Senate Committee on Banking, Housing, and Urban Affairs (Subcommittee); Senate Committee on Foreign Relations; Senate Committee on Foreign Relations (Subcommittee); Senate Committee on Rules and Administration; Joint Committee on Printing",N/A (No net worth disclosure provided in sources)
M001212,Barry Moore,House,Republican,AL,District 1,2025-01-03,59,1966-09-26,"Bachelor of Science in Agricultural Science, Auburn University",Small business owner (waste management services) and Alabama National Guard veteran,Unknown,Unknown,Individual/PAC contributions,"Agriculture and Rural Development, Veterans' Affairs, Border Security and Immigration",Projected ~95%-99% Republican (High Cohesion),House Committee on Agriculture; House Committee on the Judiciary; House Committee on Agriculture (Subcommittee); House Committee on the Judiciary (Subcommittee),N/A (No net worth disclosure provided in sources)
O000019,Jay Obernolte,House,Republican,CA,District 23,2025-01-03,55,1970-08-18,"Master of Science in Artificial Intelligence from the University of California, Los Angeles (UCLA)",Video game developer and business owner (Founder and CEO of FarSight Studios),2028339.32,1958786.11,Individual/PAC contributions,"Technology and Artificial Intelligence Regulation, Fiscal Responsibility and Budget Reform, Cybersecurity and Data Privacy",Projected ~95%-99% Republican (High Cohesion),"House Committee on Science, Space, and Technology; House Committee on Energy and Commerce; House Committee on the Budget; House Committee on Energy and Commerce (Subcommittee); House Committee on Science, Space, and Technology (Subcommittee)",N/A (No net worth disclosure provided in sources)
K000397,Young Kim,House,Republican,CA,District 40,2025-01-03,63,1962-10-18,Bachelor of Business Administration (B.B.A.) from the University of Southern California,"Financial analyst, small business owner, and congressional community liaison",Unknown,Unknown,Individual/PAC contributions,"Economic growth and small business support, Foreign affairs and national security, Immigration reform and border security",Projected ~95%-99% Republican (High Cohesion),House Committee on Financial Services; House Committee on Foreign Affairs; House Select Committee on the Strategic Competition Between the United States and the Chinese Communist Party; House Committee on Foreign Affairs (Subcommittee); House Committee on Financial Services (Subcommittee),N/A (No net worth disclosure provided in sources)
J000305,Sara Jacobs,House,Democrat,CA,District 51,2025-01-03,37,1989-02-01,"Master of International Affairs (MIA), Columbia University","Foreign policy advisor at the U.S. Department of State and UNICEF, and non-profit founder",Unknown,Unknown,Individual/PAC contributions,"Child care and ending child poverty, Foreign policy, defense, and global conflict prevention, Reproductive rights and healthcare access",Projected ~95%-99% Democratic (High Cohesion),House Committee on Armed Services; House Committee on Foreign Affairs; House Committee on Foreign Affairs (Subcommittee); House Committee on Armed Services (Subcommittee),N/A (No net worth disclosure provided in sources)
B000825,Lauren Boebert,House,Republican,CO,District 4,2025-01-03,39,1986-12-15,General Educational Development (GED) certificate (2020),Restaurateur (Owner of Shooters Grill) and natural gas industry worker,Unknown,Unknown,Individual/PAC contributions,"Second Amendment and gun rights advocacy, Energy independence and opposition to federal land regulations, Border security and stricter immigration enforcement",Projected ~95%-99% Republican (High Cohesion),House Committee on Natural Resources; House Committee on Oversight and Government Reform; House Committee on Natural Resources (Subcommittee); House Committee on Oversight and Accountability (Subcommittee),N/A (No net worth disclosure provided in sources)
C001039,Katherine Cammack,House,Republican,FL,District 3,2025-01-03,38,1988-02-16,"Master of Science in National Defense and Strategic Studies, U.S. Naval War College",Political advisor (Deputy Chief of Staff to Rep. Ted Yoho) and small business owner/co-founder of Grit Strategies,2045293.84,1723873.99,Individual/PAC contributions,"Border security and immigration enforcement, Agricultural advocacy and rural development, Second Amendment rights and constitutional conservatism",Projected ~95%-99% Republican (High Cohesion),House Committee on Agriculture; House Committee on Energy and Commerce; House Committee on Agriculture (Subcommittee); House Committee on Energy and Commerce (Subcommittee),N/A (No net worth disclosure provided in sources)
F000472,C. Franklin,House,Republican,FL,District 18,2025-01-03,61,1964-08-23,"US Naval Academy (BS in Engineering), Embry-Riddle Aeronautical University (MBA)",Public service,849999.59,371131.43,Individual/PAC contributions,General legislative priorities,Projected ~95%-99% Republican (High Cohesion),"House Committee on Science, Space, and Technology; House Committee on Appropriations; House Committee on Science, Space, and Technology (Subcommittee); House Committee on Appropriations (Subcommittee)",N/A (No net worth disclosure provided in sources)
D000032,Byron Donalds,House,Republican,FL,District 19,2025-01-03,47,1978-10-28,"Bachelor of Science in Finance and Marketing, Florida State University","Finance and banking industry professional, including roles as a financial advisor and portfolio manager",738092.0,2143626.16,Individual/PAC contributions,"Fiscal conservatism and economic growth, Education reform and school choice, Energy independence and security",Projected ~95%-99% Republican (High Cohesion),House Committee on Oversight and Government Reform; House Committee on Financial Services; House Committee on Oversight and Accountability (Subcommittee); House Committee on Financial Services (Subcommittee),N/A (No net worth disclosure provided in sources)
G000593,Carlos Gimenez,House,Republican,FL,District 28,2025-01-03,72,1954-01-17,"Bachelor of Public Administration, Barry University",Firefighter and Fire Chief of the City of Miami,Unknown,Unknown,Individual/PAC contributions,"Homeland Security and National Defense, Economic Growth and Fiscal Responsibility, Immigration and Border Security",Projected ~95%-99% Republican (High Cohesion),House Committee on Armed Services; House Committee on Homeland Security; House Select Committee on the Strategic Competition Between the United States and the Chinese Communist Party; House Committee on Homeland Security (Subcommittee); House Committee on Armed Services (Subcommittee),N/A (No net worth disclosure provided in sources)
S000168,Maria Salazar,House,Republican,FL,District 27,2025-01-03,64,1961-11-01,Master of Public Administration from Harvard University,Broadcast journalist and television news anchor,Unknown,Unknown,Individual/PAC contributions,"Opposition to socialism and support for democracy in Latin America, Immigration reform and border security, Economic growth and small business advocacy",Projected ~95%-99% Republican (High Cohesion),House Committee on Financial Services; House Committee on Foreign Affairs; House Committee on Foreign Affairs (Subcommittee); House Committee on Financial Services (Subcommittee),N/A (No net worth disclosure provided in sources)
W000788,Nikema Williams,House,Democrat,GA,District 5,2025-01-03,48,1978-07-30,"Bachelor of Arts in Biology, Talladega College","Vice President of Public Policy for Planned Parenthood Southeast, political activist, non-profit executive",599714.8,536864.64,Individual/PAC contributions,"Voting rights and election protection, Reproductive freedom and healthcare access, Economic justice and support for working families",Projected ~95%-99% Democratic (High Cohesion),House Committee on Financial Services; House Committee on Financial Services (Subcommittee),N/A (No net worth disclosure provided in sources)
C001116,Andrew Clyde,House,Republican,GA,District 9,2025-01-03,62,1963-11-22,Master of Business Administration (MBA) from the University of Georgia,"U.S. Navy Officer (Commander), Firearms Business Owner (Clyde Armory)",671072.43,590803.96,Individual/PAC contributions,"Second Amendment Rights Advocacy, IRS Reform and Civil Asset Forfeiture Limitations, Border Security and Government Accountability",Projected ~95%-99% Republican (High Cohesion),House Committee on Appropriations; House Committee on the Budget; House Committee on Appropriations (Subcommittee),N/A (No net worth disclosure provided in sources)
H001091,Ashley Hinson,House,Republican,IA,District 2,2025-01-03,43,1983-06-27,"Bachelor of Arts in Broadcast Journalism, University of Southern California",Broadcast Journalist and News Anchor,Unknown,Unknown,Individual/PAC contributions,"Fiscal Responsibility and Tax Reform, Agricultural and Rural Development, Border Security and Immigration",Projected ~95%-99% Republican (High Cohesion),House Committee on Appropriations; House Select Committee on the Strategic Competition Between the United States and the Chinese Communist Party; House Committee on Ethics; House Committee on Appropriations (Subcommittee),N/A (No net worth disclosure provided in sources)
M001215,Mariannette Miller-Meeks,House,Republican,IA,District 1,2025-01-03,70,1955-09-06,"M.D., University of Texas Health Science Center at San Antonio","Ophthalmologist, U.S. Army Nurse and Officer, Director of the Iowa Department of Public Health",Unknown,Unknown,Individual/PAC contributions,"Healthcare Reform and Access, Veterans' Affairs and Military Support, Agriculture and Biofuels",Projected ~95%-99% Republican (High Cohesion),House Committee on Energy and Commerce; House Committee on Veterans' Affairs; House Committee on Energy and Commerce (Subcommittee); House Committee on Veterans' Affairs (Subcommittee),N/A (No net worth disclosure provided in sources)
F000446,Randy Feenstra,House,Republican,IA,District 4,2025-01-03,57,1969-01-14,Ph.D. in Business Administration from Northcentral University,Business Manager and College Professor,Unknown,Unknown,Individual/PAC contributions,"Agriculture and Biofuels, Fiscal Conservatism and Tax Reform, Border Security",Projected ~95%-99% Republican (High Cohesion),House Committee on Agriculture; House Committee on Ways and Means; House Committee on Agriculture (Subcommittee); House Committee on Ways and Means (Subcommittee),N/A (No net worth disclosure provided in sources)
M001211,Mary Miller,House,Republican,IL,District 15,2025-01-03,66,1959-08-27,Eastern Illinois University (BS in Management/Elementary Education),Public service,Unknown,Unknown,Individual/PAC contributions,General legislative priorities,Projected ~95%-99% Republican (High Cohesion),Joint Committee on Printing; House Committee on Agriculture; House Committee on Education and Workforce; House Committee on House Administration; House Committee on Agriculture (Subcommittee); Committee on House Administration (Subcommittee); House Committee on Education and the Workforce (Subcommittee),N/A (No net worth disclosure provided in sources)
M001214,Frank Mrvan,House,Democrat,IN,District 1,2025-01-03,57,1969-04-16,"Bachelor of Science in Journalism, Ball State University",Licensed mortgage broker and pharmaceutical sales representative,Unknown,Unknown,Individual/PAC contributions,"Support for labor unions and domestic steel manufacturing, Veterans' affairs and healthcare, Infrastructure and economic development",Projected ~95%-99% Democratic (High Cohesion),House Committee on Appropriations; House Committee on Appropriations (Subcommittee),N/A (No net worth disclosure provided in sources)
S000929,Victoria Spartz,House,Republican,IN,District 5,2025-01-03,47,1978-10-06,"Master of Professional Accountancy, Indiana University Kelley School of Business","Certified Public Accountant (CPA), corporate financial executive, and agribusiness owner",Unknown,Unknown,Individual/PAC contributions,"Healthcare price transparency and competition, Fiscal discipline and national debt reduction, Border security and national defense",Projected ~95%-99% Republican (High Cohesion),Joint Economic Committee,N/A (No net worth disclosure provided in sources)
M000871,Tracey Mann,House,Republican,KS,District 1,2025-01-03,49,1976-12-17,"Bachelor of Science in Agricultural Economics, Kansas State University","Commercial Real Estate Broker, Agriculturalist/Farmer",1488464.99,528837.61,Individual/PAC contributions,"Agriculture and Farm Bill Advocacy, Fiscal Conservatism and Government Spending Reduction, Energy Independence and Rural Development",Projected ~95%-99% Republican (High Cohesion),House Committee on Transportation and Infrastructure; House Committee on Agriculture; House Committee on Agriculture (Subcommittee); House Committee on Transportation and Infrastructure (Subcommittee),N/A (No net worth disclosure provided in sources)
A000148,Jake Auchincloss,House,Democrat,MA,District 4,2025-01-03,38,1988-01-29,"MBA, MIT Sloan School of Management",U.S. Marine Corps Officer and Tech Product Manager,Unknown,Unknown,Individual/PAC contributions,"Transportation and Infrastructure, Gun Violence Prevention, Clean Energy and Climate",Projected ~95%-99% Democratic (High Cohesion),House Committee on Energy and Commerce; House Committee on Energy and Commerce (Subcommittee),N/A (No net worth disclosure provided in sources)
M001136,Lisa McClain,House,Republican,MI,District 9,2025-01-03,60,1966-04-07,"Bachelor of Arts in Business Administration, Northwood University",Business Executive (Senior Vice President at Hantz Group),Unknown,Unknown,Individual/PAC contributions,"National Security and Defense, Economic Growth and Tax Reform, Education and Workforce Development",Projected ~95%-99% Republican (High Cohesion),House Committee on Financial Services; House Committee on Education and Workforce; House Committee on Education and the Workforce (Subcommittee); House Committee on Financial Services (Subcommittee),N/A (No net worth disclosure provided in sources)
F000470,Michelle Fischbach,House,Republican,MN,District 7,2025-01-03,60,1965-11-03,Juris Doctor (J.D.) from William Mitchell College of Law,Legal assistant and local government staff,2646134.94,2608185.58,Individual/PAC contributions,"Agriculture and Rural Development, Pro-life Advocacy, Fiscal Conservatism and Tax Relief",Projected ~95%-99% Republican (High Cohesion),House Committee on Ways and Means; House Committee on Rules; House Committee on Ways and Means (Subcommittee); House Committee on Rules (Subcommittee),N/A (No net worth disclosure provided in sources)
R000305,Deborah Ross,House,Democrat,NC,District 2,2025-01-03,63,1963-06-20,Juris Doctor (J.D.) from the University of North Carolina School of Law,Civil rights attorney and Executive Director of the ACLU of North Carolina,1675977.59,1075801.44,Individual/PAC contributions,"Clean energy and climate change mitigation, Voting rights and civil liberties protection, Affordable healthcare and reproductive freedom",Projected ~95%-99% Democratic (High Cohesion),"House Committee on Science, Space, and Technology; House Committee on the Judiciary; House Committee on Ethics; House Committee on Science, Space, and Technology (Subcommittee); House Committee on the Judiciary (Subcommittee)",N/A (No net worth disclosure provided in sources)
L000273,Teresa Leger Fernandez,House,Democrat,NM,District 3,2025-01-03,67,1959-07-01,Juris Doctor (JD) from Stanford Law School,Public interest attorney and founder of Leger Law & Policy,Unknown,Unknown,Individual/PAC contributions,"Healthcare access and rural health, Environmental protection and clean energy transition, Education and early childhood development",Projected ~95%-99% Democratic (High Cohesion),House Committee on Natural Resources; House Committee on Rules; House Committee on Natural Resources (Subcommittee); House Committee on Rules (Subcommittee),N/A (No net worth disclosure provided in sources)
G000597,Andrew Garbarino,House,Republican,NY,District 2,2025-01-03,41,1984-09-27,Juris Doctor (J.D.) from Hofstra University School of Law,Attorney in private practice at Garbarino & Garbarino,Unknown,Unknown,Individual/PAC contributions,"Cybersecurity and infrastructure protection, Supporting law enforcement and first responders, Tax relief, specifically restoring the State and Local Tax (SALT) deduction",Projected ~95%-99% Republican (High Cohesion),House Committee on Homeland Security; House Committee on Financial Services; House Committee on Ethics; House Committee on Financial Services (Subcommittee),N/A (No net worth disclosure provided in sources)
M000317,Nicole Malliotakis,House,Republican,NY,District 11,2025-01-03,45,1980-11-11,Master of Business Administration (M.B.A.) from Wagner College,Public Affairs Manager at Consolidated Edison and Community Liaison for Governor George Pataki,Unknown,Unknown,Individual/PAC contributions,"Public Safety and Supporting Law Enforcement, Fiscal Responsibility and Tax Relief, Border Security and Immigration Enforcement",Projected ~95%-99% Republican (High Cohesion),Joint Economic Committee; House Committee on Ways and Means; House Committee on Ways and Means (Subcommittee),N/A (No net worth disclosure provided in sources)
T000486,Ritchie Torres,House,Democrat,NY,District 15,2025-01-03,38,1988-03-12,Attended New York University (did not graduate),"Community organizer, Constituent liaison and housing director for NYC Council Member James Vacca",Unknown,Unknown,Individual/PAC contributions,"Affordable housing and public housing reform, LGBTQ+ rights and equality, Poverty alleviation and economic development",Projected ~95%-99% Democratic (High Cohesion),House Committee on Financial Services; House Select Committee on the Strategic Competition Between the United States and the Chinese Communist Party; House Committee on Financial Services (Subcommittee),N/A (No net worth disclosure provided in sources)
B000740,Stephanie Bice,House,Republican,OK,District 5,2025-01-03,52,1973-11-11,"Bachelor of Science in Marketing, Oklahoma State University",Business development and marketing executive in the technology sector,Unknown,Unknown,Individual/PAC contributions,"Energy independence and supporting the oil and gas industry, Fiscal responsibility and government spending reform, National security and military readiness",Projected ~95%-99% Republican (High Cohesion),House Committee on Appropriations; House Committee on House Administration; House Committee on Appropriations (Subcommittee); Committee on House Administration (Subcommittee),N/A (No net worth disclosure provided in sources)
B000668,Cliff Bentz,House,Republican,OR,District 2,2025-01-03,74,1952-01-12,Juris Doctor (J.D.) from Lewis & Clark Law School,"Water rights and real property attorney, Rancher",Unknown,Unknown,Individual/PAC contributions,"Water rights and agricultural resources, Forest management and wildfire mitigation, Federal land use and rural economic development",Projected ~95%-99% Republican (High Cohesion),House Committee on Natural Resources; House Committee on Energy and Commerce; House Committee on Natural Resources (Subcommittee); House Committee on Energy and Commerce (Subcommittee),N/A (No net worth disclosure provided in sources)
M000194,Nancy Mace,House,Republican,SC,District 1,2025-01-03,48,1977-12-04,"Master of Arts in Journalism and Mass Communication, University of Georgia","Public relations and marketing consultant, Business owner, Political campaign strategist",Unknown,Unknown,Individual/PAC contributions,"Fiscal responsibility and government spending reform, Environmental conservation and opposition to offshore drilling, Women's health and reproductive rights advocacy",Projected ~95%-99% Republican (High Cohesion),House Committee on Armed Services; House Committee on Oversight and Government Reform; House Committee on Veterans' Affairs; House Committee on Veterans' Affairs (Subcommittee); House Committee on Oversight and Accountability (Subcommittee); House Committee on Armed Services (Subcommittee),N/A (No net worth disclosure provided in sources)
H001086,Diana Harshbarger,House,Republican,TN,District 1,2025-01-03,66,1960-01-01,Doctor of Pharmacy (Pharm.D.) from Mercer University,Licensed Pharmacist and compounding pharmacy owner,Unknown,Unknown,Individual/PAC contributions,"Healthcare reform and lowering prescription drug costs, Border security and national sovereignty, Economic growth and supporting small businesses",Projected ~95%-99% Republican (High Cohesion),House Committee on Energy and Commerce; House Committee on Energy and Commerce (Subcommittee),N/A (No net worth disclosure provided in sources)
F000246,Patrick Fallon,House,Republican,TX,District 4,2025-01-03,58,1967-12-19,"Bachelor of Arts in Government and International Relations, University of Notre Dame",U.S. Air Force Officer and Entrepreneur,Unknown,Unknown,Individual/PAC contributions,"Border Security and Immigration Enforcement, Fiscal Responsibility and Government Spending Reduction, National Defense and Military Readiness",Projected ~95%-99% Republican (High Cohesion),House Committee on Armed Services; House Committee on Oversight and Government Reform; House Permanent Select Committee on Intelligence; House Committee on Armed Services (Subcommittee); House Committee on Oversight and Accountability (Subcommittee); House Permanent Select Committee on Intelligence (Subcommittee),N/A (No net worth disclosure provided in sources)
P000048,August Pfluger,House,Republican,TX,District 11,2025-01-03,47,1978-12-28,"Master of Science in International Business and Policy, Georgetown University",U.S. Air Force fighter pilot and National Security Council staff member,2598806.26,2004399.77,Individual/PAC contributions,"Energy independence and security, National security and border enforcement, Agricultural advocacy and support for rural communities",Projected ~95%-99% Republican (High Cohesion),House Committee on Homeland Security; House Committee on Energy and Commerce; House Committee on Energy and Commerce (Subcommittee); House Committee on Homeland Security (Subcommittee),N/A (No net worth disclosure provided in sources)
J000304,Ronny Jackson,House,Republican,TX,District 13,2025-01-03,59,1967-05-04,Doctor of Medicine (M.D.) from the University of Texas Medical Branch,"U.S. Navy Rear Admiral, White House Physician",Unknown,Unknown,Individual/PAC contributions,"Border Security, Military Readiness and Veterans' Care, Agriculture and Rural Development",Projected ~95%-99% Republican (High Cohesion),House Committee on Agriculture; House Committee on Armed Services; House Permanent Select Committee on Intelligence; House Committee on Foreign Affairs; House Committee on Agriculture (Subcommittee); House Committee on Foreign Affairs (Subcommittee); House Committee on Armed Services (Subcommittee); House Permanent Select Committee on Intelligence (Subcommittee),N/A (No net worth disclosure provided in sources)
N000026,Troy Nehls,House,Republican,TX,District 22,2025-01-03,58,1968-04-07,"Master of Science in Criminal Justice, University of Houston–Downtown","Sheriff of Fort Bend County, Texas, U.S. Army Reserve Officer",Unknown,Unknown,Individual/PAC contributions,"Border Security and Immigration, Law Enforcement and Public Safety Support, Veterans' Affairs and Military Support",Projected ~95%-99% Republican (High Cohesion),"House Committee on Transportation and Infrastructure; House Committee on the Judiciary; House Committee on Transportation and Infrastructure (Subcommittee); House Committee on the Judiciary (Subcommittee); House Select Subcommittee to Investigate the Remaining Questions Surrounding January 6, 2021",N/A (No net worth disclosure provided in sources)
V000134,Beth Van Duyne,House,Republican,TX,District 24,2025-01-03,55,1970-11-16,"Bachelor of Arts in Urban Studies, Cornell University","Business executive, Marketing and communications consultant",Unknown,Unknown,Individual/PAC contributions,"Border security and immigration enforcement, Economic growth and tax relief, Healthcare reform and accessibility",Projected ~95%-99% Republican (High Cohesion),House Committee on Ways and Means; House Committee on Small Business; House Committee on Small Business (Subcommittee); House Committee on Ways and Means (Subcommittee),N/A (No net worth disclosure provided in sources)
M001213,Blake Moore,House,Republican,UT,District 1,2025-01-03,46,1980-06-22,"Master of Science in Public Policy and Administration, Northwestern University",Management Consultant (Principal at Cicero Group) and Foreign Service Officer,Unknown,Unknown,Individual/PAC contributions,"Fiscal Responsibility and Debt Reduction, National Security and Defense (supporting Hill Air Force Base), Public Lands and Natural Resources Management",Projected ~95%-99% Republican (High Cohesion),House Committee on Ways and Means; House Committee on the Budget; House Committee on Ways and Means (Subcommittee),N/A (No net worth disclosure provided in sources)
O000086,Clarence Owens,House,Republican,UT,District 4,2025-01-03,75,1951-08-02,University of Miami (BS in Biology/Chemistry),Public service,Unknown,Unknown,Individual/PAC contributions,General legislative priorities,Projected ~95%-99% Republican (High Cohesion),House Committee on Transportation and Infrastructure; House Committee on Education and Workforce; House Committee on Transportation and Infrastructure (Subcommittee); House Committee on Education and the Workforce (Subcommittee),N/A (No net worth disclosure provided in sources)
S001159,Marilyn Strickland,House,Democrat,WA,District 10,2025-01-03,63,1962-09-25,Master of Business Administration (MBA) from Clark Atlanta University,"Business and marketing manager, and CEO of the Seattle Metropolitan Chamber of Commerce",Unknown,Unknown,Individual/PAC contributions,"Economic development and job creation, Transportation and infrastructure investment, Affordable housing and homelessness",Projected ~95%-99% Democratic (High Cohesion),House Committee on Transportation and Infrastructure; House Committee on Armed Services; House Committee on Transportation and Infrastructure (Subcommittee); House Committee on Armed Services (Subcommittee),N/A (No net worth disclosure provided in sources)
F000471,Scott Fitzgerald,House,Republican,WI,District 5,2025-01-03,62,1963-11-16,"Bachelor of Science, University of Wisconsin–Oshkosh",Newspaper publisher and U.S. Army Reserve Lieutenant Colonel,Unknown,Unknown,Individual/PAC contributions,"Fiscal conservatism and tax relief, Law enforcement support and public safety, Agricultural and dairy industry advocacy",Projected ~95%-99% Republican (High Cohesion),House Committee on the Judiciary; House Committee on Financial Services; House Committee on the Judiciary (Subcommittee); House Committee on Financial Services (Subcommittee),N/A (No net worth disclosure provided in sources)
P000145,Alejandro Padilla,Senate,Democrat,CA,Unknown,2023-01-03,53,1973-03-22,"Bachelor of Science in Mechanical Engineering, Massachusetts Institute of Technology",Systems Engineer,Unknown,Unknown,Individual/PAC contributions,"Voting Rights and Election Security, Immigration Reform, Climate Change and Environmental Protection",Projected ~95%-99% Democratic (High Cohesion),Senate Committee on Energy and Natural Resources; Senate Committee on Energy and Natural Resources (Subcommittee); Senate Committee on Environment and Public Works; Senate Committee on Environment and Public Works (Subcommittee); Senate Committee on Rules and Administration; Senate Committee on the Budget; Senate Committee on the Judiciary; Senate Committee on the Judiciary (Subcommittee); Joint Committee on Printing; Joint Committee of Congress on the Library,N/A (No net worth disclosure provided in sources)
O000174,Jon Ossoff,Senate,Democrat,GA,Unknown,2021-01-20,39,1987-02-16,"Master of Science (M.Sc.) in International Political Economy, London School of Economics","Investigative journalist and media executive (CEO of Insight TWI), Congressional national security aide",97986263.04,39682882.19,"Grassroots small-dollar contributors (99% under $200, average $37), Daily Kos","Direct consumer economic relief, federal infrastructure funding, voting accessibility, supply chain security",98% Democratic / 2% Republican,Senate Committee on Appropriations; Senate Committee on Appropriations (Subcommittee); Senate Committee on Rules and Administration; Senate Select Committee on Intelligence,"$1,500,000 - $3,000,000 (Based on production company and real estate assets)"
W000790,Raphael Warnock,Senate,Democrat,GA,Unknown,2023-01-03,57,1969-07-23,Ph.D. in Systematic Theology from Union Theological Seminary,Senior Pastor of Ebenezer Baptist Church,Unknown,Unknown,Individual/PAC contributions,"Voting Rights, Healthcare Access and Medicaid Expansion, Economic Justice and Poverty Alleviation",Projected ~95%-99% Democratic (High Cohesion),"Senate Committee on Agriculture, Nutrition, and Forestry; Senate Committee on Agriculture, Nutrition, and Forestry (Subcommittee); Senate Committee on Banking, Housing, and Urban Affairs; Senate Committee on Banking, Housing, and Urban Affairs (Subcommittee); Senate Committee on Finance; Senate Committee on Finance (Subcommittee); Senate Special Committee on Aging",N/A (No net worth disclosure provided in sources)
T000478,Claudia Tenney,House,Republican,NY,District 24,2025-01-03,65,1961-02-04,Juris Doctor (J.D.) from Albany Law School,"Attorney in private practice, Co-owner and publisher of Mid-York Press (family printing and publishing business)",Unknown,Unknown,Individual/PAC contributions,"Election Integrity, Small Business and Manufacturing Support, Second Amendment Rights",Projected ~95%-99% Republican (High Cohesion),"House Committee on Science, Space, and Technology; House Committee on Ways and Means; House Permanent Select Committee on Intelligence; House Committee on Science, Space, and Technology (Subcommittee); House Committee on Ways and Means (Subcommittee); House Permanent Select Committee on Intelligence (Subcommittee)",N/A (No net worth disclosure provided in sources)
L000595,Julia Letlow,House,Republican,LA,District 5,2025-01-03,45,1981-03-16,"Ph.D. in Communication, University of South Florida",Higher education administrator and communications executive,Unknown,Unknown,Individual/PAC contributions,"Agriculture and rural development, Education and parental rights, Rural broadband expansion",Projected ~95%-99% Republican (High Cohesion),House Committee on Appropriations; House Committee on Education and Workforce; House Committee on Appropriations (Subcommittee),N/A (No net worth disclosure provided in sources)
C001125,Troy Carter,House,Democrat,LA,District 2,2025-01-03,62,1963-10-26,"Bachelor of Arts in Business Administration and Political Science, Xavier University of Louisiana","Management consultant, business owner, and adjunct instructor",Unknown,Unknown,Individual/PAC contributions,"Economic development and infrastructure, Environmental justice and disaster resilience, Criminal justice and police reform",Projected ~95%-99% Democratic (High Cohesion),House Committee on Homeland Security; House Committee on Energy and Commerce; House Committee on Homeland Security (Subcommittee); House Committee on Energy and Commerce (Subcommittee),N/A (No net worth disclosure provided in sources)
S001218,Melanie Stansbury,House,Democrat,NM,District 1,2025-01-03,47,1979-01-31,"Saint Mary's College of California (BA in Human Ecology), UC Berkeley (MS in Development Studies)",Public service,Unknown,Unknown,Individual/PAC contributions,General legislative priorities,Projected ~95%-99% Democratic (High Cohesion),House Committee on Natural Resources; House Committee on Oversight and Government Reform; House Committee on Natural Resources (Subcommittee); House Committee on Oversight and Accountability (Subcommittee),N/A (No net worth disclosure provided in sources)
E000071,Jake Ellzey,House,Republican,TX,District 6,2025-01-03,56,1970-01-24,US Naval Academy (BS in Political Science),Public service,Unknown,Unknown,Individual/PAC contributions,General legislative priorities,Projected ~95%-99% Republican (High Cohesion),House Committee on Appropriations; House Committee on Small Business; House Committee on Small Business (Subcommittee); House Committee on Appropriations (Subcommittee),N/A (No net worth disclosure provided in sources)
B001313,Shontel Brown,House,Democrat,OH,District 11,2025-01-03,51,1975-06-24,Associate of Science in Business Management from Cuyahoga Community College,Marketing professional and founder of a marketing support firm,Unknown,Unknown,Individual/PAC contributions,"Healthcare access and equity, Economic development and job creation, Voting rights and civil rights",Projected ~95%-99% Democratic (High Cohesion),House Committee on Agriculture; House Committee on Oversight and Government Reform; House Committee on Agriculture (Subcommittee); House Select Committee on the Strategic Competition Between the United States and the Chinese Communist Party; House Committee on Oversight and Accountability (Subcommittee),N/A (No net worth disclosure provided in sources)
C001126,Mike Carey,House,Republican,OH,District 15,2025-01-03,55,1971-03-13,"Bachelor of Arts in History, Ohio State University",Coal energy executive and government relations specialist,Unknown,Unknown,Individual/PAC contributions,"Energy independence and security, Economic growth and inflation reduction, National security and border control",Projected ~95%-99% Republican (High Cohesion),Joint Committee of Congress on the Library; House Committee on Ways and Means; House Committee on the Budget; House Committee on House Administration; House Committee on Ways and Means (Subcommittee); Committee on House Administration (Subcommittee),N/A (No net worth disclosure provided in sources)
F000474,Mike Flood,House,Republican,NE,District 1,2025-01-03,51,1975-02-23,"University of Notre Dame (BA), University of Nebraska College of Law (JD)",Public service,Unknown,Unknown,Individual/PAC contributions,General legislative priorities,Projected ~95%-99% Republican (High Cohesion),House Committee on Financial Services; House Committee on Financial Services (Subcommittee),N/A (No net worth disclosure provided in sources)
F000475,Brad Finstad,House,Republican,MN,District 1,2025-01-03,50,1976-05-30,"Bachelor of Science in Agricultural Education, University of Minnesota",Farmer and Rural Development Executive,Unknown,Unknown,Individual/PAC contributions,"Agriculture and Farm Policy, Rural Economic Development and Healthcare, Fiscal Responsibility and Government Spending",Projected ~95%-99% Republican (High Cohesion),House Committee on Agriculture; House Committee on Armed Services; House Committee on Small Business; House Committee on Agriculture (Subcommittee); House Committee on Small Business (Subcommittee); House Committee on Armed Services (Subcommittee),N/A (No net worth disclosure provided in sources)
R000579,Patrick Ryan,House,Democrat,NY,District 18,2025-01-03,44,1982-03-28,Master of Arts in Security Studies from Georgetown University,U.S. Army Officer and Technology Entrepreneur,Unknown,Unknown,Individual/PAC contributions,"Veterans' affairs and national security, Reproductive rights and healthcare access, Economic relief and lowering the cost of living",Projected ~95%-99% Democratic (High Cohesion),House Committee on Transportation and Infrastructure; House Committee on Armed Services; House Committee on Transportation and Infrastructure (Subcommittee); House Committee on Armed Services (Subcommittee),N/A (No net worth disclosure provided in sources)
Y000067,Rudy Yakym,House,Republican,IN,District 2,2025-01-03,42,1984-02-24,Master of Business Administration (MBA) from Indiana University South Bend,Commercial real estate executive and corporate growth director,Unknown,Unknown,Individual/PAC contributions,"Fiscal responsibility and curbing federal spending, Securing the southern border and national security, Promoting economic growth, manufacturing, and agriculture",Projected ~95%-99% Republican (High Cohesion),House Committee on Ways and Means; House Committee on Ways and Means (Subcommittee),N/A (No net worth disclosure provided in sources)
Z000018,Ryan Zinke,House,Republican,MT,District 1,2025-01-03,64,1961-11-01,"Master of Science in Global Leadership, University of San Diego","U.S. Navy SEAL Officer, Business Consultant",Unknown,Unknown,Individual/PAC contributions,"Energy Independence and Natural Resources, National Security and Defense, Veterans' Affairs",Projected ~95%-99% Republican (High Cohesion),House Committee on Appropriations; House Committee on Foreign Affairs; House Committee on Appropriations (Subcommittee); House Committee on Foreign Affairs (Subcommittee),N/A (No net worth disclosure provided in sources)
B001319,Katie Britt,Senate,Republican,AL,Unknown,2023-01-03,44,1982-02-02,"Juris Doctor (J.D.), University of Alabama School of Law","President and CEO of the Business Council of Alabama, attorney, and congressional chief of staff",Unknown,Unknown,Individual/PAC contributions,"Border security and immigration enforcement, Economic growth and combating inflation, National defense and supporting military families",Projected ~95%-99% Republican (High Cohesion),"Senate Committee on Appropriations; Senate Committee on Appropriations (Subcommittee); Senate Committee on Banking, Housing, and Urban Affairs; Senate Committee on Banking, Housing, and Urban Affairs (Subcommittee); Senate Committee on Rules and Administration; Senate Committee on the Judiciary; Senate Committee on the Judiciary (Subcommittee); Commission on Security and Cooperation in Europe",N/A (No net worth disclosure provided in sources)
S001227,Eric Schmitt,Senate,Republican,MO,Unknown,2023-01-03,51,1975-06-20,Juris Doctor (J.D.) from Saint Louis University School of Law,Attorney in private practice,Unknown,Unknown,Individual/PAC contributions,"Border security and immigration enforcement, Economic growth and combating inflation, Limiting federal overreach and protecting constitutional rights",Projected ~95%-99% Republican (High Cohesion),"Senate Committee on Armed Services; Senate Committee on Armed Services (Subcommittee); Senate Committee on Commerce, Science, and Transportation; Senate Committee on Commerce, Science, and Transportation (Subcommittee); Senate Committee on the Judiciary; Senate Committee on the Judiciary (Subcommittee); Joint Economic Committee",N/A (No net worth disclosure provided in sources)
F000479,John Fetterman,Senate,Democrat,PA,Unknown,2023-01-03,56,1969-08-15,Master of Public Policy (MPP) from Harvard University,"AmeriCorps member, youth program director, and insurance underwriter",Unknown,Unknown,Individual/PAC contributions,"Criminal justice reform and cannabis legalization, Labor rights, raising the minimum wage, and economic populism, Healthcare access and affordability",Projected ~95%-99% Democratic (High Cohesion),"Senate Committee on Agriculture, Nutrition, and Forestry; Senate Committee on Agriculture, Nutrition, and Forestry (Subcommittee); Senate Committee on Commerce, Science, and Transportation; Senate Committee on Commerce, Science, and Transportation (Subcommittee); Senate Committee on Homeland Security and Governmental Affairs; Senate Committee on Homeland Security and Governmental Affairs (Subcommittee); Commission on Security and Cooperation in Europe",N/A (No net worth disclosure provided in sources)
S001220,Dale Strong,House,Republican,AL,District 5,2025-01-03,56,1970-05-08,"Bachelor of Science in Business Administration, Athens State University","First Responder / Emergency Medical Technician (EMT), Public Relations Specialist at Huntsville Utilities",Unknown,Unknown,Individual/PAC contributions,"National Defense and Support for Redstone Arsenal, Border Security and Immigration Enforcement, Fiscal Responsibility and Reducing Federal Spending",Projected ~95%-99% Republican (High Cohesion),House Committee on Appropriations; House Committee on Homeland Security; House Committee on Appropriations (Subcommittee); House Committee on Homeland Security (Subcommittee),N/A (No net worth disclosure provided in sources)
C001132,Eli Crane,House,Republican,AZ,District 2,2025-01-03,46,1980-01-03,"Bachelor of Arts in Liberal Studies, Arizona State University",U.S. Navy SEAL and entrepreneur (Co-founder of Bottle Breacher),Unknown,Unknown,Individual/PAC contributions,"Border security and immigration enforcement, Veterans' care and support, Fiscal responsibility and reducing government spending",Projected ~95%-99% Republican (High Cohesion),House Committee on Homeland Security; House Committee on Oversight and Government Reform; House Committee on Oversight and Accountability (Subcommittee); House Committee on Homeland Security (Subcommittee),N/A (No net worth disclosure provided in sources)
C001133,Juan Ciscomani,House,Republican,AZ,District 6,2025-01-03,43,1982-08-30,"Bachelor of Arts in Political Science, University of Arizona",Vice President of the Tucson Hispanic Chamber of Commerce and Senior Advisor to Arizona Governor Doug Ducey,Unknown,Unknown,Individual/PAC contributions,"Border security and immigration reform, Economic growth and lowering inflation, Water resource management and energy independence",Projected ~95%-99% Republican (High Cohesion),House Committee on Appropriations; House Committee on Veterans' Affairs; House Committee on Appropriations (Subcommittee); House Committee on Veterans' Affairs (Subcommittee),N/A (No net worth disclosure provided in sources)
K000401,Kevin Kiley,House,Independent,CA,District 3,2025-01-03,41,1985-01-30,"Harvard University (BA), Loyola Marymount University (MA in Education), Yale Law School (JD)",Public service,3212844.0,3173870.51,Individual/PAC contributions,General legislative priorities,Projected caucuses with Democrats (Historical ~90%-95% alignment),House Committee on Transportation and Infrastructure; House Committee on the Judiciary; House Committee on Education and Workforce; House Committee on Education and the Workforce (Subcommittee),N/A (No net worth disclosure provided in sources)
M001225,Kevin Mullin,House,Democrat,CA,District 15,2025-01-03,56,1970-06-15,"Master of Public Administration (M.P.A.), University of San Francisco","Political consultant, communications business owner, and legislative aide",Unknown,Unknown,Individual/PAC contributions,"Voting rights and strengthening democracy, Climate change and environmental resilience, Affordable housing and transportation infrastructure",Projected ~95%-99% Democratic (High Cohesion),House Committee on Energy and Commerce; House Committee on Energy and Commerce (Subcommittee),N/A (No net worth disclosure provided in sources)
K000400,Sydney Kamlager-Dove,House,Democrat,CA,District 37,2025-01-03,54,1972-07-20,Master of Arts in Arts Management from Carnegie Mellon University,Nonprofit executive and public affairs consultant,1150467.82,1026975.02,Individual/PAC contributions,"Criminal justice reform, Environmental justice, Reproductive rights and healthcare access",Projected ~95%-99% Democratic (High Cohesion),House Committee on the Judiciary; House Committee on Foreign Affairs; House Committee on Foreign Affairs (Subcommittee); House Committee on the Judiciary (Subcommittee),N/A (No net worth disclosure provided in sources)
G000598,Robert Garcia,House,Democrat,CA,District 42,2025-01-03,48,1977-12-02,"Ed.D. in Educational Leadership from California State University, Long Beach",University instructor and public relations administrator,Unknown,Unknown,Individual/PAC contributions,"LGBTQ+ equality and civil rights, Affordable housing and homelessness, Healthcare access and pandemic preparedness",Projected ~95%-99% Democratic (High Cohesion),House Committee on Transportation and Infrastructure; House Committee on Oversight and Government Reform; House Committee on Transportation and Infrastructure (Subcommittee),N/A (No net worth disclosure provided in sources)
P000620,Brittany Pettersen,House,Democrat,CO,District 7,2025-01-03,44,1981-12-06,"Bachelor of Arts in Political Science and Sociology, Metropolitan State University of Denver",Non-profit program director and community organizer,Unknown,Unknown,Individual/PAC contributions,"Substance abuse prevention and mental health access, Gun violence prevention, Affordable housing and support for working families",Projected ~95%-99% Democratic (High Cohesion),House Committee on Financial Services; House Committee on Financial Services (Subcommittee),N/A (No net worth disclosure provided in sources)
B001314,Aaron Bean,House,Republican,FL,District 4,2025-01-03,59,1967-01-25,"Bachelor of Science in Finance, Jacksonville University","Insurance Agent, Healthcare Relations Executive",2163375.8,1005546.53,Individual/PAC contributions,"Fiscal Responsibility and Reducing Government Spending, Education and Parental Rights, Border Security and Law Enforcement Support",Projected ~95%-99% Republican (High Cohesion),House Committee on Ways and Means; House Committee on Ways and Means (Subcommittee),N/A (No net worth disclosure provided in sources)
M001216,Cory Mills,House,Republican,FL,District 7,2025-01-03,46,1980-07-30,"Master of Arts in International Relations and Conflict Resolution, American Military University",Defense contractor executive and U.S. Army veteran,Unknown,Unknown,Individual/PAC contributions,"National Security and Defense, Economic Growth and Energy Independence, Veterans Affairs and Support",Projected ~95%-99% Republican (High Cohesion),House Committee on Armed Services; House Committee on Foreign Affairs; House Committee on Foreign Affairs (Subcommittee); House Committee on Armed Services (Subcommittee),N/A (No net worth disclosure provided in sources)
F000476,Maxwell Frost,House,Democrat,FL,District 10,2025-01-03,29,1997-01-17,"High school diploma, Osceola County School for the Arts (attended Valencia College)","Community organizer and activist (National Organizing Director for March for Our Lives, ACLU organizer)",Unknown,Unknown,Individual/PAC contributions,"Gun violence prevention, Medicare for All and healthcare access, Climate change and environmental justice",Projected ~95%-99% Democratic (High Cohesion),House Committee on Transportation and Infrastructure; House Committee on Oversight and Government Reform; House Committee on Transportation and Infrastructure (Subcommittee); House Committee on Oversight and Accountability (Subcommittee),N/A (No net worth disclosure provided in sources)
L000596,Anna Luna,House,Republican,FL,District 13,2025-01-03,37,1989-05-06,"Bachelor of Science in Biology, University of West Florida","U.S. Air Force Airfield Manager, Conservative Activist and Media Commentator",Unknown,Unknown,Individual/PAC contributions,"Border Security and Immigration, Veterans' Affairs, Government Accountability and Transparency",Projected ~95%-99% Republican (High Cohesion),House Committee on Oversight and Government Reform; House Committee on Foreign Affairs; House Committee on Oversight and Accountability (Subcommittee); House Committee on Foreign Affairs (Subcommittee),N/A (No net worth disclosure provided in sources)
L000597,Laurel Lee,House,Republican,FL,District 15,2025-01-03,52,1974-03-26,"Juris Doctor (J.D.), University of Florida Levin College of Law","Federal Prosecutor, Circuit Court Judge, and Florida Secretary of State",Unknown,Unknown,Individual/PAC contributions,"Election Security and Integrity, Border Security and National Security, Fiscal Responsibility and Economic Growth",Projected ~95%-99% Republican (High Cohesion),House Committee on the Judiciary; House Committee on Energy and Commerce; House Committee on House Administration; House Committee on the Judiciary (Subcommittee); House Committee on Energy and Commerce (Subcommittee); Committee on House Administration (Subcommittee),N/A (No net worth disclosure provided in sources)
M001217,Jared Moskowitz,House,Democrat,FL,District 23,2025-01-03,45,1980-12-18,Juris Doctor (J.D.) from Nova Southeastern University Shepard Broad College of Law,"Attorney, Executive Vice President and General Counsel at Ashbritt",2998428.2,1465080.61,Individual/PAC contributions,"Gun Control and School Safety, Disaster Preparedness and Emergency Management, Support for Israel and Foreign Affairs",Projected ~95%-99% Democratic (High Cohesion),"House Committee on the Judiciary; House Committee on Foreign Affairs; House Committee on the Judiciary (Subcommittee); House Committee on Foreign Affairs (Subcommittee); House Select Subcommittee to Investigate the Remaining Questions Surrounding January 6, 2021",N/A (No net worth disclosure provided in sources)
M001218,Rich McCormick,House,Republican,GA,District 7,2025-01-03,57,1968-10-07,Doctor of Medicine (M.D.) from Morehouse School of Medicine,Emergency Medicine Physician and U.S. Military Officer (Marine Corps Helicopter Pilot and Navy Commander),2709379.62,2679580.55,Individual/PAC contributions,"Healthcare Reform, National Security and Defense, Fiscal Responsibility and Economic Growth",Projected ~95%-99% Republican (High Cohesion),"House Committee on Science, Space, and Technology; House Committee on Armed Services; House Committee on Oversight and Government Reform; House Committee on Science, Space, and Technology (Subcommittee); House Committee on Oversight and Accountability (Subcommittee); House Committee on Armed Services (Subcommittee)",N/A (No net worth disclosure provided in sources)
C001129,Mike Collins,House,Republican,GA,District 10,2025-01-03,59,1967-07-02,"Bachelor of Business Administration (B.B.A.) in Finance, Georgia State University",Founder and owner of Collins Trucking Company,6511960.0,Unknown,"Transportation/logistics PACs, business owners, individual donors","Supply chain relief, truck transit deregulation, border security, inflation reduction",98% Republican / 2% Democratic,"House Committee on Natural Resources; House Committee on Transportation and Infrastructure; House Committee on Science, Space, and Technology; House Committee on Natural Resources (Subcommittee); House Committee on Transportation and Infrastructure (Subcommittee); House Committee on Science, Space, and Technology (Subcommittee)","$5,000,000 - $10,000,000 (Based on trucking logistics company valuation)"
M001219,James (Jim) Moylan,House,Republican,GU,District 0,2025-01-03,64,1962-07-18,"Bachelor of Science in Criminal Justice, University of Guam","Insurance Executive, Law Enforcement Officer, and U.S. Army Officer",Unknown,Unknown,Individual/PAC contributions,"National Defense and Indo-Pacific Security, Economic Development and Tourism, Veterans Affairs and Healthcare Access",Projected ~95%-99% Republican (High Cohesion),House Committee on Armed Services; House Committee on Foreign Affairs; House Committee on Education and Workforce; House Committee on Foreign Affairs (Subcommittee); House Committee on Education and the Workforce (Subcommittee); House Committee on Armed Services (Subcommittee),N/A (No net worth disclosure provided in sources)
T000487,Jill Tokuda,House,Democrat,HI,District 2,2025-01-03,50,1976-03-28,"Bachelor of Arts in International Relations, George Washington University",Non-profit executive and business consultant,Unknown,Unknown,Individual/PAC contributions,"Agriculture and food security, Rural healthcare access, Affordable housing and cost of living",Projected ~95%-99% Democratic (High Cohesion),House Committee on Agriculture; House Committee on Armed Services; House Committee on Agriculture (Subcommittee); House Select Committee on the Strategic Competition Between the United States and the Chinese Communist Party; House Committee on Armed Services (Subcommittee),N/A (No net worth disclosure provided in sources)
N000193,Zachary (Zach) Nunn,House,Republican,IA,District 3,2025-01-03,47,1979-05-04,Master of Science in Cybersecurity from Utica College,"U.S. Air Force intelligence officer, National Security Council director, and cybersecurity entrepreneur",4869248.8,1353712.8,Individual/PAC contributions,"National Security and Defense, Agriculture and Rural Development, Economic Growth and Fiscal Responsibility",Projected ~95%-99% Republican (High Cohesion),House Committee on Agriculture; House Committee on Financial Services; House Committee on Agriculture (Subcommittee); House Select Committee on the Strategic Competition Between the United States and the Chinese Communist Party; House Committee on Financial Services (Subcommittee),N/A (No net worth disclosure provided in sources)
J000309,Jonathan Jackson,House,Democrat,IL,District 1,2025-01-03,60,1966-01-07,Master of Business Administration (MBA) from Northwestern University,"Business owner, investment analyst, and college business professor",Unknown,Unknown,Individual/PAC contributions,"Economic development and job creation, Civil rights and social justice, Access to affordable healthcare and education",Projected ~95%-99% Democratic (High Cohesion),House Committee on Agriculture; House Committee on Foreign Affairs; House Committee on Agriculture (Subcommittee); House Committee on Foreign Affairs (Subcommittee),N/A (No net worth disclosure provided in sources)
R000617,Delia Ramirez,House,Democrat,IL,District 3,2025-01-03,43,1983-06-02,"Bachelor of Arts in Justice Studies, Northeastern Illinois University",Non-profit executive director and community organizer,990197.28,871494.95,Individual/PAC contributions,"Affordable housing, Immigration reform, Working families and education",Projected ~95%-99% Democratic (High Cohesion),House Committee on Homeland Security; House Committee on Veterans' Affairs; House Committee on Homeland Security (Subcommittee); House Committee on Veterans' Affairs (Subcommittee),N/A (No net worth disclosure provided in sources)
B001315,Nicole (Nikki) Budzinski,House,Democrat,IL,District 13,2025-01-03,49,1977-03-11,"Bachelor of Arts in History and Political Science, University of Illinois Urbana-Champaign","Labor union representative and advocate, Chief of Staff to the Illinois Deputy Governor, Political and government advisor",Unknown,Unknown,Individual/PAC contributions,"Labor and workers' rights, Agriculture and rural economic development, Strengthening the middle class and manufacturing",Projected ~95%-99% Democratic (High Cohesion),House Committee on Agriculture; House Committee on Veterans' Affairs; House Committee on Agriculture (Subcommittee); House Committee on Veterans' Affairs (Subcommittee),N/A (No net worth disclosure provided in sources)
S001225,Eric Sorensen,House,Democrat,IL,District 17,2025-01-03,50,1976-03-18,"Bachelor of Science in Meteorology, Northern Illinois University",Broadcast Meteorologist,2233675.53,1020827.68,Individual/PAC contributions,"Climate change and environmental sustainability, Agriculture and rural economic development, Healthcare access and affordability",Projected ~95%-99% Democratic (High Cohesion),House Committee on Agriculture; House Committee on Armed Services; House Committee on Agriculture (Subcommittee); House Committee on Armed Services (Subcommittee),N/A (No net worth disclosure provided in sources)
H001093,Erin Houchin,House,Republican,IN,District 9,2025-01-03,49,1976-09-24,Master of Arts in Political Management from George Washington University,"Family Caseworker for the Indiana Department of Child Services, Regional Director for U.S. Senator Dan Coats, Founder and President of Houchin Consulting",1856572.42,1415550.66,Individual/PAC contributions,"Child Welfare and Family Advocacy, Economic Growth and Fiscal Responsibility, Rural Broadband and Infrastructure Development",Projected ~95%-99% Republican (High Cohesion),House Committee on Energy and Commerce; House Committee on Rules; House Committee on the Budget; House Committee on Energy and Commerce (Subcommittee); House Committee on Rules (Subcommittee),N/A (No net worth disclosure provided in sources)
M001220,Morgan McGarvey,House,Democrat,KY,District 3,2025-01-03,46,1979-12-23,"University of Missouri (BA in Journalism), University of Kentucky College of Law (JD)",Public service,Unknown,Unknown,Individual/PAC contributions,General legislative priorities,Projected ~95%-99% Democratic (High Cohesion),House Committee on Veterans' Affairs; House Committee on Small Business; House Committee on the Budget; House Committee on Small Business (Subcommittee); House Committee on Veterans' Affairs (Subcommittee),N/A (No net worth disclosure provided in sources)
I000058,Glenn Ivey,House,Democrat,MD,District 4,2025-01-03,65,1961-02-27,Juris Doctor (J.D.) from Harvard Law School,Attorney in private practice and Federal Prosecutor,Unknown,Unknown,Individual/PAC contributions,"Criminal justice reform and gun violence prevention, Voting rights and protecting democratic institutions, Economic development and job creation",Projected ~95%-99% Democratic (High Cohesion),House Committee on Appropriations; House Committee on Ethics; House Committee on Appropriations (Subcommittee),N/A (No net worth disclosure provided in sources)
S001221,Hillary Scholten,House,Democrat,MI,District 3,2025-01-03,44,1982-02-22,Juris Doctor (J.D.) from the University of Maryland Francis King Carey School of Law,Immigration attorney and U.S. Department of Justice attorney,Unknown,Unknown,Individual/PAC contributions,"Affordable healthcare and reproductive freedom, Immigration reform and border security, Economic development and lowering costs for working families",Projected ~95%-99% Democratic (High Cohesion),House Committee on Transportation and Infrastructure; House Committee on Small Business; House Committee on Small Business (Subcommittee); House Committee on Transportation and Infrastructure (Subcommittee),N/A (No net worth disclosure provided in sources)
J000307,John James,House,Republican,MI,District 10,2025-01-03,45,1981-06-08,Master of Business Administration (MBA) from the University of Michigan,"U.S. Army Officer (Apache helicopter pilot), Logistics and supply chain business executive",Unknown,Unknown,Individual/PAC contributions,"Economic growth and manufacturing, National security and defense, Energy independence",Projected ~95%-99% Republican (High Cohesion),House Committee on Energy and Commerce; House Committee on Energy and Commerce (Subcommittee),N/A (No net worth disclosure provided in sources)
T000488,Shri Thanedar,House,Democrat,MI,District 13,2025-01-03,71,1955-02-22,Ph.D. in Chemistry from the University of Akron,"Chemist, entrepreneur, and founder of chemical testing and research laboratories",390276.08,2265604.56,Individual/PAC contributions,"Universal healthcare access (Medicare for All), Public education funding and affordable higher education, Economic development, job creation, and small business support",Projected ~95%-99% Democratic (High Cohesion),House Committee on Agriculture; House Committee on Homeland Security; House Committee on Agriculture (Subcommittee); House Committee on Homeland Security (Subcommittee),N/A (No net worth disclosure provided in sources)
A000379,Mark Alford,House,Republican,MO,District 4,2025-01-03,62,1963-10-04,Attended the University of Texas at Austin (studied Political Science),Television News Anchor and Journalist,1392967.7,864475.14,Individual/PAC contributions,"Agriculture and Rural Development, National Defense and Military Support, Economic Growth and Small Business",Projected ~95%-99% Republican (High Cohesion),House Committee on Appropriations; House Committee on Small Business; House Committee on Small Business (Subcommittee); House Committee on Appropriations (Subcommittee),N/A (No net worth disclosure provided in sources)
B001316,Eric Burlison,House,Republican,MO,District 7,2025-01-03,49,1976-10-02,Master of Business Administration (MBA) from Missouri State University,Business Analyst and Software Engineer,Unknown,Unknown,Individual/PAC contributions,"Fiscal conservatism and reducing federal spending, Defending Second Amendment rights, Deregulation and promoting free-market principles",Projected ~95%-99% Republican (High Cohesion),House Committee on Transportation and Infrastructure; House Committee on Oversight and Government Reform; House Committee on Transportation and Infrastructure (Subcommittee); House Committee on Oversight and Accountability (Subcommittee),N/A (No net worth disclosure provided in sources)
E000235,Mike Ezell,House,Republican,MS,District 4,2025-01-03,67,1959-04-06,"Bachelor of Science in Criminal Justice, University of Southern Mississippi","Sheriff of Jackson County, Mississippi, Police Chief and Law Enforcement Officer",990105.85,1018211.84,Individual/PAC contributions,"Law Enforcement and Public Safety, Border Security, Economic Development and Support for Gulf Coast Industries",Projected ~95%-99% Republican (High Cohesion),House Committee on Natural Resources; House Committee on Transportation and Infrastructure; House Committee on Natural Resources (Subcommittee); House Committee on Transportation and Infrastructure (Subcommittee),N/A (No net worth disclosure provided in sources)
D000230,Donald Davis,House,Democrat,NC,District 1,2025-01-03,54,1971-08-29,"Doctor of Education (Ed.D.) in Educational Leadership, East Carolina University",U.S. Air Force Officer and College Professor,Unknown,Unknown,Individual/PAC contributions,"Rural Development & Agriculture, Healthcare Access, Veterans & Military Families",Projected ~95%-99% Democratic (High Cohesion),House Committee on Agriculture; House Committee on Armed Services; House Committee on Agriculture (Subcommittee); House Committee on Armed Services (Subcommittee),N/A (No net worth disclosure provided in sources)
F000477,Valerie Foushee,House,Democrat,NC,District 4,2025-01-03,70,1956-05-07,"Bachelor of Arts in Political Science and Afro-American Studies, University of North Carolina at Chapel Hill",Administrator for the Chapel Hill Police Department,912010.9,949918.41,Individual/PAC contributions,"Education and Childcare Access, Environmental Justice and Climate Action, Voting Rights and Civil Rights Protection",Projected ~95%-99% Democratic (High Cohesion),"House Committee on Transportation and Infrastructure; House Committee on Science, Space, and Technology; House Committee on Transportation and Infrastructure (Subcommittee); House Committee on Science, Space, and Technology (Subcommittee)",N/A (No net worth disclosure provided in sources)
E000246,Charles (Chuck) Edwards,House,Republican,NC,District 11,2025-01-03,65,1960-09-13,Associate Degree in Business Administration from Blue Ridge Community College,"McDonald's Franchise Owner, Businessman",Unknown,Unknown,Individual/PAC contributions,"Fiscal responsibility and reducing national debt, Border security and immigration enforcement, Supporting small businesses and economic growth",Projected ~95%-99% Republican (High Cohesion),House Committee on Appropriations; House Committee on the Budget; House Committee on Appropriations (Subcommittee),N/A (No net worth disclosure provided in sources)
K000398,Thomas Kean,House,Republican,NJ,District 7,2025-01-03,57,1968-09-05,"Master of Arts in Law and Diplomacy (MALD), Fletcher School of Law and Diplomacy at Tufts University","U.S. Environmental Protection Agency (EPA) staffer, Public school teacher, Business consultant",4892806.59,1306887.91,Individual/PAC contributions,"Economic affordability and tax relief, Infrastructure and transportation development, Public safety and law enforcement support",Projected ~95%-99% Republican (High Cohesion),House Committee on Energy and Commerce; House Committee on Foreign Affairs; House Committee on Foreign Affairs (Subcommittee); House Committee on Energy and Commerce (Subcommittee),N/A (No net worth disclosure provided in sources)
M001226,Robert Menendez,House,Democrat,NJ,District 8,2025-01-03,41,1985-07-12,Juris Doctor (J.D.) from Rutgers School of Law,Attorney in private practice,1958765.95,1555714.77,Individual/PAC contributions,"Foreign Relations and National Security, Immigration Reform, Healthcare and Consumer Protection",Projected ~95%-99% Democratic (High Cohesion),House Committee on Energy and Commerce; House Committee on Energy and Commerce (Subcommittee),"$498,502"
V000136,Gabriel (Gabe) Vasquez,House,Democrat,NM,District 2,2025-01-03,42,1984-08-03,"Bachelor of Arts in English, New Mexico State University","Conservation Director for the New Mexico Wildlife Federation, Communications and Public Relations Specialist, Congressional Staffer for U.S. Senator Martin Heinrich",Unknown,Unknown,Individual/PAC contributions,"Environmental conservation and public lands protection, Economic development and job creation, Immigration reform and border security",Projected ~95%-99% Democratic (High Cohesion),House Committee on Agriculture; House Committee on Armed Services; House Committee on Agriculture (Subcommittee); House Committee on Armed Services (Subcommittee),N/A (No net worth disclosure provided in sources)
L000598,Nicolas LaLota,House,Republican,NY,District 1,2025-01-03,48,1978-06-23,"US Naval Academy (BS in History), Hofstra University (JD)",Public service,3795307.23,1141528.37,Individual/PAC contributions,General legislative priorities,Projected ~95%-99% Republican (High Cohesion),House Committee on Appropriations; House Committee on Homeland Security; House Committee on Appropriations (Subcommittee); House Committee on Homeland Security (Subcommittee),N/A (No net worth disclosure provided in sources)
G000599,Dan Goldman,House,Democrat,NY,District 10,2025-01-03,50,1976-02-26,Juris Doctor (J.D.) from Stanford Law School,Federal Prosecutor (Assistant U.S. Attorney for the Southern District of New York) and Congressional Legal Counsel,Unknown,Unknown,Individual/PAC contributions,"Protecting democracy and voting rights, Gun violence prevention, Defending reproductive freedom and healthcare access",Projected ~95%-99% Democratic (High Cohesion),House Committee on the Judiciary; House Committee on Homeland Security; House Committee on the Judiciary (Subcommittee); House Committee on Homeland Security (Subcommittee),N/A (No net worth disclosure provided in sources)
L000599,Michael Lawler,House,Republican,NY,District 17,2025-01-03,39,1986-09-09,Bachelor of Science in Business Administration (Accounting and Finance) from Manhattan College,"Public affairs consultant, political strategist, and executive director of the New York State Republican Party",8172045.6,3500108.5,Individual/PAC contributions,"Affordability and SALT (State and Local Tax) deduction relief, Public safety and support for law enforcement, Bipartisan governance and fiscal responsibility",Projected ~95%-99% Republican (High Cohesion),House Committee on Financial Services; House Committee on Foreign Affairs; House Committee on Foreign Affairs (Subcommittee); House Committee on Financial Services (Subcommittee),N/A (No net worth disclosure provided in sources)
L000600,Nicholas Langworthy,House,Republican,NY,District 23,2025-01-03,45,1981-02-27,"Bachelor of Arts in Political Science, Niagara University",Political party administrator (Chairman of the New York Republican State Committee) and congressional staffer,Unknown,Unknown,Individual/PAC contributions,"Economic growth and inflation reduction, Agriculture and rural development, Border security and law enforcement",Projected ~95%-99% Republican (High Cohesion),House Committee on Oversight and Government Reform; House Committee on Energy and Commerce; House Committee on Rules; House Committee on Energy and Commerce (Subcommittee); House Committee on Rules (Subcommittee),N/A (No net worth disclosure provided in sources)
L000601,Greg Landsman,House,Democrat,OH,District 1,2025-01-03,49,1976-12-04,"Master of Theological Studies, Harvard University",Public school teacher and education nonprofit executive,Unknown,Unknown,Individual/PAC contributions,"Early childhood education and strengthening public schools, Lowering the cost of living and healthcare for families, Protecting democracy and government accountability",Projected ~95%-99% Democratic (High Cohesion),House Committee on Energy and Commerce; House Committee on Energy and Commerce (Subcommittee),N/A (No net worth disclosure provided in sources)
M001222,Max Miller,House,Republican,OH,District 7,2025-01-03,37,1988-11-13,"Bachelor of Arts in History, Cleveland State University","Political advisor, White House aide, and Marine Corps Reserve corporal",Unknown,Unknown,Individual/PAC contributions,"Agriculture and Food Security, Energy Independence, Technology and Innovation",Projected ~95%-99% Republican (High Cohesion),House Committee on Ways and Means; House Committee on Foreign Affairs; House Committee on Ways and Means (Subcommittee); House Committee on Foreign Affairs (Subcommittee),N/A (No net worth disclosure provided in sources)
S001223,Emilia Sykes,House,Democrat,OH,District 13,2025-01-03,40,1986-01-04,Juris Doctor (JD) and Master of Public Health (MPH) from the University of Florida,Staff Advisor at the Summit County Fiscal Office and Law Clerk,Unknown,Unknown,Individual/PAC contributions,"Healthcare access and maternal health, Economic development and job creation, Voting rights and bipartisan governance",Projected ~95%-99% Democratic (High Cohesion),"House Committee on Transportation and Infrastructure; House Committee on Science, Space, and Technology; House Committee on Transportation and Infrastructure (Subcommittee); House Committee on Science, Space, and Technology (Subcommittee)",N/A (No net worth disclosure provided in sources)
B001317,Josh Brecheen,House,Republican,OK,District 2,2025-01-03,47,1979-06-19,"Bachelor of Science in Agricultural Communications, Oklahoma State University","Rancher, owner of a dirt work construction business, and motivational speaker",Unknown,Unknown,Individual/PAC contributions,"Fiscal responsibility and reducing the national debt, Border security and immigration enforcement, Agricultural advocacy and protecting rural communities",Projected ~95%-99% Republican (High Cohesion),House Committee on Homeland Security; House Committee on the Budget; House Committee on Homeland Security (Subcommittee),N/A (No net worth disclosure provided in sources)
H001094,Valerie Hoyle,House,Democrat,OR,District 4,2025-01-03,62,1964-02-14,"Bachelor of Arts in Political Science, Emmanuel College","International sales and marketing manager in the outdoor industry, Retail and service industry worker",Unknown,Unknown,Individual/PAC contributions,"Labor, workforce development, and strengthening unions, Infrastructure and transportation investment, Environmental protection and wildfire mitigation",Projected ~95%-99% Democratic (High Cohesion),House Committee on Natural Resources; House Committee on Transportation and Infrastructure; House Committee on Natural Resources (Subcommittee); House Committee on Transportation and Infrastructure (Subcommittee),N/A (No net worth disclosure provided in sources)
S001226,Andrea Salinas,House,Democrat,OR,District 6,2025-01-03,56,1969-12-06,"University of California, Berkeley (BA in Psychology)",Public service,Unknown,Unknown,Individual/PAC contributions,General legislative priorities,Projected ~95%-99% Democratic (High Cohesion),"House Committee on Science, Space, and Technology; House Committee on Agriculture; House Committee on Agriculture (Subcommittee); House Committee on Science, Space, and Technology (Subcommittee)",N/A (No net worth disclosure provided in sources)
L000602,Summer Lee,House,Democrat,PA,District 12,2025-01-03,38,1987-11-26,"Pennsylvania State University (BA in Journalism), Howard University School of Law (JD)",Public service,Unknown,Unknown,Individual/PAC contributions,General legislative priorities,Projected ~95%-99% Democratic (High Cohesion),House Committee on the Judiciary; House Committee on Education and Workforce; House Committee on Education and the Workforce (Subcommittee),N/A (No net worth disclosure provided in sources)
D000530,Chris Deluzio,House,Democrat,PA,District 17,2025-01-03,42,1984-07-13,Juris Doctor (J.D.) from Georgetown University Law Center,Voting rights attorney and U.S. Navy officer,Unknown,Unknown,Individual/PAC contributions,"Strengthening labor unions and protecting domestic manufacturing, Defending voting rights and democratic institutions, Supporting veterans and expanding access to affordable healthcare",Projected ~95%-99% Democratic (High Cohesion),House Committee on Transportation and Infrastructure; House Committee on Armed Services; House Committee on Transportation and Infrastructure (Subcommittee); House Committee on Armed Services (Subcommittee),N/A (No net worth disclosure provided in sources)
M001223,Seth Magaziner,House,Democrat,RI,District 2,2025-01-03,43,1983-07-22,Master of Business Administration (MBA) from Yale University,"Investment Analyst, Elementary School Teacher",Unknown,Unknown,Individual/PAC contributions,"Gun Violence Prevention, Lowering Healthcare and Prescription Drug Costs, Clean Energy and Climate Action",Projected ~95%-99% Democratic (High Cohesion),House Committee on Natural Resources; House Committee on Homeland Security; House Committee on Natural Resources (Subcommittee); House Committee on Homeland Security (Subcommittee),N/A (No net worth disclosure provided in sources)
F000478,Russell Fry,House,Republican,SC,District 7,2025-01-03,41,1985-01-31,Juris Doctor (J.D.) from Charleston School of Law,Attorney,Unknown,Unknown,Individual/PAC contributions,"Combating the opioid epidemic, Election integrity, Fiscal responsibility and economic growth",Projected ~95%-99% Republican (High Cohesion),House Committee on the Judiciary; House Committee on Energy and Commerce; House Committee on the Judiciary (Subcommittee); House Committee on Energy and Commerce (Subcommittee),N/A (No net worth disclosure provided in sources)
O000175,Andrew Ogles,House,Republican,TN,District 5,2025-01-03,55,1971-06-18,Bachelor of Science in Liberal Studies from Middle Tennessee State University,"Executive Director of Americans for Prosperity Tennessee, Policy analyst and economist, Real estate and business operator",613134.73,617406.75,Individual/PAC contributions,"Fiscal conservatism and reducing federal spending, Border security and immigration enforcement, Economic freedom and deregulation",Projected ~95%-99% Republican (High Cohesion),House Committee on Homeland Security; House Committee on Financial Services; House Committee on Homeland Security (Subcommittee); House Committee on Financial Services (Subcommittee),N/A (No net worth disclosure provided in sources)
M001224,Nathaniel Moran,House,Republican,TX,District 1,2025-01-03,52,1974-07-22,"Texas Tech University (BA, MBA, JD)",Public service,1797847.68,1401247.78,Individual/PAC contributions,General legislative priorities,Projected ~95%-99% Republican (High Cohesion),House Committee on Ways and Means; House Select Committee on the Strategic Competition Between the United States and the Chinese Communist Party; House Committee on Ethics; House Committee on Ways and Means (Subcommittee),N/A (No net worth disclosure provided in sources)
S001224,Keith Self,House,Republican,TX,District 3,2025-01-03,73,1953-03-20,"Master of International Relations, University of Southern California",U.S. Army Officer (Lieutenant Colonel),Unknown,Unknown,Individual/PAC contributions,"Border Security, Fiscal Responsibility and Reducing Government Spending, National Defense and Military Readiness",Projected ~95%-99% Republican (High Cohesion),"House Committee on Science, Space, and Technology; House Committee on Foreign Affairs; House Committee on Veterans' Affairs; House Committee on Veterans' Affairs (Subcommittee); House Committee on Foreign Affairs (Subcommittee); House Committee on Science, Space, and Technology (Subcommittee)",N/A (No net worth disclosure provided in sources)
L000603,Morgan Luttrell,House,Republican,TX,District 8,2025-01-03,50,1975-11-07,"Master of Science in Applied Cognition and Neuroscience, University of Texas at Dallas",U.S. Navy SEAL,Unknown,Unknown,Individual/PAC contributions,"National security and border security, veterans' healthcare and brain injury research, energy independence",Projected ~95%-99% Republican (High Cohesion),House Committee on Armed Services; House Committee on Homeland Security; House Committee on Veterans' Affairs; House Committee on Veterans' Affairs (Subcommittee); House Committee on Armed Services (Subcommittee); House Committee on Homeland Security (Subcommittee),N/A (No net worth disclosure provided in sources)
D000594,Mónica De La Cruz,House,Republican,TX,District 15,2025-01-03,51,1974-11-11,"Bachelor of Arts in Marketing, University of Texas at San Antonio","Insurance Agent, Small Business Owner",Unknown,Unknown,Individual/PAC contributions,"Border Security and Immigration Reform, Economic Growth and Small Business Support, Strengthening Healthcare and Medicare",Projected ~95%-99% Republican (High Cohesion),House Committee on Agriculture; House Committee on Financial Services; House Committee on Agriculture (Subcommittee); House Committee on Financial Services (Subcommittee),N/A (No net worth disclosure provided in sources)
C001130,Jasmine Crockett,House,Democrat,TX,District 30,2025-01-03,45,1981-03-29,"Rhodes College (BA in Business Administration), University of Houston Law Center (JD)",Public service,8056948.49,9584628.68,Individual/PAC contributions,General legislative priorities,Projected ~95%-99% Democratic (High Cohesion),"House Committee on the Judiciary; House Committee on Oversight and Government Reform; House Committee on the Judiciary (Subcommittee); House Committee on Oversight and Accountability (Subcommittee); House Select Subcommittee to Investigate the Remaining Questions Surrounding January 6, 2021",N/A (No net worth disclosure provided in sources)
C001131,Gregorio Casar,House,Democrat,TX,District 35,2025-01-03,37,1989-05-04,"Bachelor of Arts in Political Science and Social Policy, University of Virginia",Community Organizer and Policy Director at Workers Defense Project,Unknown,Unknown,Individual/PAC contributions,"Labor and Workers' Rights, Affordable Housing, Criminal Justice Reform",Projected ~95%-99% Democratic (High Cohesion),House Committee on Oversight and Government Reform; House Committee on Education and Workforce; House Committee on Oversight and Accountability (Subcommittee); House Committee on Education and the Workforce (Subcommittee),N/A (No net worth disclosure provided in sources)
H001095,Wesley Hunt,House,Republican,TX,District 38,2025-01-03,44,1981-11-13,"Master of Business Administration (MBA), Master of Public Administration (MPA), and Master of Industrial and Labor Relations (MILR) from Cornell University","U.S. Army Aviation Officer (Apache Helicopter Pilot), Real Estate Development Executive",Unknown,Unknown,Individual/PAC contributions,"Energy Independence, Border Security, Fiscal Responsibility and Economic Growth",Projected ~95%-99% Republican (High Cohesion),House Committee on Natural Resources; House Committee on the Judiciary; House Committee on Natural Resources (Subcommittee); House Committee on the Judiciary (Subcommittee),N/A (No net worth disclosure provided in sources)
K000399,Jennifer Kiggans,House,Republican,VA,District 2,2025-01-03,55,1971-06-18,"Master of Science in Nursing (MSN), Vanderbilt University",U.S. Navy Helicopter Pilot and Geriatric Nurse Practitioner,5954338.07,2608075.05,Individual/PAC contributions,"Veterans' Affairs and National Defense, Healthcare Access and Quality, Economic Growth and Lowering Cost of Living",Projected ~95%-99% Republican (High Cohesion),House Committee on Natural Resources; House Committee on Armed Services; House Committee on Veterans' Affairs; House Committee on Natural Resources (Subcommittee); House Committee on Veterans' Affairs (Subcommittee); House Committee on Armed Services (Subcommittee),N/A (No net worth disclosure provided in sources)
B001318,Becca Balint,House,Democrat,VT,District 0,2025-01-03,58,1968-05-04,Master of Education (M.Ed.) from Harvard University,Middle school teacher and educator,Unknown,Unknown,Individual/PAC contributions,"Affordable housing expansion, Climate change mitigation and renewable energy, LGBTQ+ equality and civil rights",Projected ~95%-99% Democratic (High Cohesion),House Committee on the Judiciary; House Committee on the Budget; House Committee on the Judiciary (Subcommittee),N/A (No net worth disclosure provided in sources)
G000600,Marie Gluesenkamp Perez,House,Democrat,WA,District 3,2025-01-03,38,1988-06-06,"Bachelor of Arts in Economics, Reed College",Auto repair shop co-owner and mechanic,Unknown,Unknown,Individual/PAC contributions,"Right to repair legislation, Support for skilled trades and vocational education, Economic relief for working-class families and small businesses",Projected ~95%-99% Democratic (High Cohesion),House Committee on Appropriations; House Committee on Appropriations (Subcommittee),N/A (No net worth disclosure provided in sources)
V000135,Derrick Van Orden,House,Republican,WI,District 3,2025-01-03,56,1969-09-15,"Bachelor of Science, Excelsior University","U.S. Navy SEAL (Retired Senior Chief Petty Officer), Author, and Business Owner",Unknown,Unknown,Individual/PAC contributions,"Veterans' Affairs and Military Support, Agriculture and Rural Development, Economic Growth and Fiscal Responsibility",Projected ~95%-99% Republican (High Cohesion),House Committee on Agriculture; House Committee on Armed Services; House Committee on Veterans' Affairs; House Committee on Agriculture (Subcommittee); House Committee on Veterans' Affairs (Subcommittee); House Committee on Armed Services (Subcommittee),N/A (No net worth disclosure provided in sources)
H001096,Harriet Hageman,House,Republican,WY,District 0,2025-01-03,63,1962-10-18,Juris Doctor (J.D.) from the University of Wyoming College of Law,Water and natural resources attorney,Unknown,Unknown,Individual/PAC contributions,"Limiting federal overreach and protecting constitutional rights, Supporting energy independence, agriculture, and water rights, Securing the southern border and immigration enforcement",Projected ~95%-99% Republican (High Cohesion),"House Committee on Natural Resources; House Committee on the Judiciary; House Committee on Natural Resources (Subcommittee); House Committee on the Judiciary (Subcommittee); House Select Subcommittee to Investigate the Remaining Questions Surrounding January 6, 2021",N/A (No net worth disclosure provided in sources)
R000618,Pete Ricketts,Senate,Republican,NE,Unknown,2024-11-05,61,1964-08-19,"Master of Business Administration (MBA), University of Chicago",Business executive (Chief Operating Officer of TD Ameritrade),Unknown,Unknown,Individual/PAC contributions,"Fiscal conservatism and tax relief, Agriculture and rural economic development, Border security and immigration enforcement",Projected ~95%-99% Republican (High Cohesion),"Senate Committee on Banking, Housing, and Urban Affairs; Senate Committee on Banking, Housing, and Urban Affairs (Subcommittee); Senate Committee on Environment and Public Works; Senate Committee on Environment and Public Works (Subcommittee); Senate Committee on Foreign Relations; Senate Committee on Foreign Relations (Subcommittee); Senate Committee on the Budget",N/A (No net worth disclosure provided in sources)
M001227,Jennifer McClellan,House,Democrat,VA,District 4,2025-01-03,53,1972-12-28,Juris Doctor (J.D.) from the University of Virginia School of Law,Attorney (regulatory and corporate law),Unknown,Unknown,Individual/PAC contributions,"Voting Rights, Education Access and Funding, Reproductive Rights and Healthcare",Projected ~95%-99% Democratic (High Cohesion),House Committee on Energy and Commerce; House Committee on Energy and Commerce (Subcommittee),N/A (No net worth disclosure provided in sources)
A000380,Gabe Amo,House,Democrat,RI,District 1,2025-01-03,38,1987-12-11,"Master of Science (M.Sc.) in Comparative Social Policy, University of Oxford","White House Deputy Director of Intergovernmental Affairs, Senior Advisor to the Governor of Rhode Island",Unknown,Unknown,Individual/PAC contributions,"Gun violence prevention, Economic opportunity and protecting Social Security and Medicare, Climate change mitigation and coastal resilience",Projected ~95%-99% Democratic (High Cohesion),"House Committee on Science, Space, and Technology; House Committee on Foreign Affairs; House Committee on the Budget; House Committee on Science, Space, and Technology (Subcommittee); House Committee on Foreign Affairs (Subcommittee)",N/A (No net worth disclosure provided in sources)
M001228,Celeste Maloy,House,Republican,UT,District 2,2025-01-03,45,1981-05-22,Juris Doctor (J.D.) from Brigham Young University,Attorney (including Chief Legal Counsel to U.S. Representative Chris Stewart) and Soil Conservationist,Unknown,Unknown,Individual/PAC contributions,"Public lands management and federal ownership, Agriculture and water resources, Fiscal responsibility and reducing government overreach",Projected ~95%-99% Republican (High Cohesion),House Committee on Natural Resources; House Committee on Appropriations; House Committee on Natural Resources (Subcommittee); House Committee on Appropriations (Subcommittee),N/A (No net worth disclosure provided in sources)
S001201,Thomas Suozzi,House,Democrat,NY,District 3,2025-01-03,63,1962-08-31,Juris Doctor (J.D.) from Fordham University School of Law,Attorney and Certified Public Accountant (CPA),Unknown,Unknown,Individual/PAC contributions,"Repealing the State and Local Tax (SALT) deduction cap, Environmental protection and restoring the Long Island Sound, Bipartisan immigration reform and border security",Projected ~95%-99% Democratic (High Cohesion),House Committee on Ways and Means; House Committee on Ways and Means (Subcommittee),N/A (No net worth disclosure provided in sources)
K000402,Timothy Kennedy,House,Democrat,NY,District 26,2025-01-03,49,1976-10-20,"Master of Science in Occupational Therapy, D'Youville College",Occupational Therapist,Unknown,Unknown,Individual/PAC contributions,"Transportation and Infrastructure, Healthcare Access and Senior Care, Gun Safety and Violence Prevention",Projected ~95%-99% Democratic (High Cohesion),House Committee on Homeland Security; House Committee on Veterans' Affairs; House Committee on Homeland Security (Subcommittee); House Committee on Veterans' Affairs (Subcommittee),N/A (No net worth disclosure provided in sources)
F000480,Vince Fong,House,Republican,CA,District 20,2025-01-03,46,1979-10-24,Master of Public Affairs (MPA) from Princeton University,District Director for Congressman Kevin McCarthy and budget analyst,1849356.3,1434838.05,Individual/PAC contributions,"Energy independence and supporting local oil and gas production, Water infrastructure and security for the Central Valley, Fiscal responsibility, lowering taxes, and reducing government spending",Projected ~95%-99% Republican (High Cohesion),"House Committee on Transportation and Infrastructure; House Committee on Science, Space, and Technology; House Committee on Homeland Security; House Committee on Transportation and Infrastructure (Subcommittee); House Committee on Homeland Security (Subcommittee); House Committee on Science, Space, and Technology (Subcommittee)",N/A (No net worth disclosure provided in sources)
R000619,Michael Rulli,House,Republican,OH,District 6,2025-01-03,57,1969-03-11,"Bachelor of Arts, Emerson College",Director of Operations for Rulli Bros. Markets,Unknown,Unknown,Individual/PAC contributions,"Economic development and job creation, Energy independence and infrastructure, Workforce training and education",Projected ~95%-99% Republican (High Cohesion),House Committee on Energy and Commerce; House Committee on Education and Workforce; House Committee on Energy and Commerce (Subcommittee); House Committee on Education and the Workforce (Subcommittee),N/A (No net worth disclosure provided in sources)
M001229,LaMonica McIver,House,Democrat,NJ,District 10,2025-01-03,40,1986-06-20,Master of Public Administration (M.P.A.) from Seton Hall University,Chief of Staff and Personnel Director for Newark Public Schools,Unknown,Unknown,Individual/PAC contributions,"Affordable housing and economic development, Strengthening public education and youth services, Expanding healthcare access and protecting reproductive rights",Projected ~95%-99% Democratic (High Cohesion),House Committee on Homeland Security; House Committee on Small Business; House Committee on Small Business (Subcommittee); House Committee on Homeland Security (Subcommittee),N/A (No net worth disclosure provided in sources)
W000829,Tony Wied,House,Republican,WI,District 8,2025-01-03,50,1976-05-03,"Bachelor of Business Administration, St. Norbert College",Business owner and operator (Founder of Dino Stop convenience store chain),Unknown,Unknown,Individual/PAC contributions,"Border security and immigration enforcement, Economic growth, inflation reduction, and national debt control, U.S. energy independence",Projected ~95%-99% Republican (High Cohesion),House Committee on Transportation and Infrastructure; House Committee on Agriculture; House Committee on Small Business; House Committee on Agriculture (Subcommittee); House Committee on Small Business (Subcommittee); House Committee on Transportation and Infrastructure (Subcommittee),N/A (No net worth disclosure provided in sources)
F000110,Cleo Fields,House,Democrat,LA,District 6,2025-01-03,63,1962-11-22,Juris Doctor (J.D.) from Southern University Law Center,Attorney,Unknown,Unknown,Individual/PAC contributions,"Education reform and funding, Economic development and job creation, Civil rights and voting rights protection",Projected ~95%-99% Democratic (High Cohesion),House Committee on Financial Services; House Committee on Financial Services (Subcommittee),N/A (No net worth disclosure provided in sources)
S001188,Marlin Stutzman,House,Republican,IN,District 3,2025-01-03,49,1976-08-31,Attended Tri-State University,Farmer and small business owner,Unknown,Unknown,Individual/PAC contributions,"Fiscal conservatism and federal spending reduction, Agricultural policy and Farm Bill reform, Government deregulation and Second Amendment rights",Projected ~95%-99% Republican (High Cohesion),House Committee on Financial Services; House Committee on the Budget; House Committee on Financial Services (Subcommittee),"$548,507"
C001123,Gilbert Cisneros,House,Democrat,CA,District 31,2025-01-03,55,1971-02-12,Master of Arts in Urban Education Policy from Brown University,"U.S. Navy Supply Officer, Frito-Lay Shipping Manager, Philanthropist and Education Advocate",Unknown,Unknown,Individual/PAC contributions,"Education Access and Equity, Veterans' Healthcare and Support, Affordable Healthcare and Prescription Drugs",Projected ~95%-99% Democratic (High Cohesion),House Committee on Armed Services; House Committee on Small Business; House Committee on Small Business (Subcommittee); House Committee on Armed Services (Subcommittee),N/A (No net worth disclosure provided in sources)
A000382,Angela Alsobrooks,Senate,Democrat,MD,Unknown,2025-01-03,55,1971-02-23,Juris Doctor (J.D.) from the University of Maryland School of Law,Assistant State's Attorney and practicing attorney,Unknown,Unknown,Individual/PAC contributions,"Reproductive freedom and healthcare access, Economic opportunity and job creation, Gun violence prevention and public safety",Projected ~95%-99% Democratic (High Cohesion),"Senate Committee on Banking, Housing, and Urban Affairs; Senate Committee on Banking, Housing, and Urban Affairs (Subcommittee); Senate Committee on Environment and Public Works; Senate Committee on Environment and Public Works (Subcommittee); Senate Committee on Health, Education, Labor, and Pensions; Senate Committee on Health, Education, Labor, and Pensions (Subcommittee); Senate Special Committee on Aging",N/A (No net worth disclosure provided in sources)
S001232,Tim Sheehy,Senate,Republican,MT,Unknown,2025-01-03,40,1985-11-18,"Bachelor of Science, United States Naval Academy","U.S. Navy SEAL Officer, Founder and CEO of Bridger Aerospace, and Rancher",Unknown,Unknown,Individual/PAC contributions,"Border Security and Immigration Reform, Economic Growth and Fiscal Responsibility, National Security and Veterans' Support",Projected ~95%-99% Republican (High Cohesion),"Senate Committee on Armed Services; Senate Committee on Armed Services (Subcommittee); Senate Committee on Commerce, Science, and Transportation; Senate Committee on Commerce, Science, and Transportation (Subcommittee); Senate Committee on Veterans' Affairs",N/A (No net worth disclosure provided in sources)
M001242,Bernie Moreno,Senate,Republican,OH,Unknown,2025-01-03,59,1967-02-14,Bachelor of Business Administration (BBA) from the University of Michigan,Car dealership owner and blockchain technology entrepreneur,Unknown,Unknown,Individual/PAC contributions,"Securing the southern border and immigration reform, Reducing inflation and government spending, Achieving American energy independence",Projected ~95%-99% Republican (High Cohesion),"Senate Committee on Banking, Housing, and Urban Affairs; Senate Committee on Banking, Housing, and Urban Affairs (Subcommittee); Senate Committee on Commerce, Science, and Transportation; Senate Committee on Commerce, Science, and Transportation (Subcommittee); Senate Committee on Homeland Security and Governmental Affairs; Senate Committee on Homeland Security and Governmental Affairs (Subcommittee); Senate Committee on the Budget; United States Senate Caucus on International Narcotics Control",N/A (No net worth disclosure provided in sources)
M001243,Dave McCormick,Senate,Republican,PA,Unknown,2025-01-03,60,1965-08-17,"US Military Academy West Point (BS in Mechanical Engineering), Princeton University (MPA, Ph.D.)",Public service,Unknown,Unknown,Individual/PAC contributions,General legislative priorities,Projected ~95%-99% Republican (High Cohesion),"Senate Committee on Banking, Housing, and Urban Affairs; Senate Committee on Banking, Housing, and Urban Affairs (Subcommittee); Senate Committee on Energy and Natural Resources; Senate Committee on Energy and Natural Resources (Subcommittee); Senate Committee on Foreign Relations; Senate Committee on Foreign Relations (Subcommittee); Joint Economic Committee; Senate Special Committee on Aging",N/A (No net worth disclosure provided in sources)
B001323,Nicholas Begich,House,Republican,AK,District 0,2025-01-03,48,1977-10-21,"Baylor University (BBA), Indiana University Bloomington (MBA)",Public service,Unknown,Unknown,Individual/PAC contributions,General legislative priorities,Projected ~95%-99% Republican (High Cohesion),"House Committee on Natural Resources; House Committee on Transportation and Infrastructure; House Committee on Science, Space, and Technology; House Committee on Natural Resources (Subcommittee); House Committee on Transportation and Infrastructure (Subcommittee); House Committee on Science, Space, and Technology (Subcommittee)",N/A (No net worth disclosure provided in sources)
F000481,Shomari Figures,House,Democrat,AL,District 2,2025-01-03,40,1985-09-03,Juris Doctor (J.D.) from the University of Alabama School of Law,Attorney and Federal Public Servant (including Deputy Chief of Staff and Counselor to the U.S. Attorney General),1355788.62,716297.31,Individual/PAC contributions,"Healthcare Access and Medicaid Expansion, Economic Development and Infrastructure Investment, Education and Workforce Development",Projected ~95%-99% Democratic (High Cohesion),House Committee on Transportation and Infrastructure; House Committee on Agriculture; House Committee on Agriculture (Subcommittee); House Committee on Transportation and Infrastructure (Subcommittee),N/A (No net worth disclosure provided in sources)
A000381,Yassamin Ansari,House,Democrat,AZ,District 3,2025-01-03,34,1992-04-07,"Master of Philosophy (MPhil) in International Relations and Politics, University of Cambridge","Climate policy advisor, United Nations climate summit strategist",Unknown,Unknown,Individual/PAC contributions,"Climate change and clean energy, Reproductive rights, Affordable housing and economic opportunity",Projected ~95%-99% Democratic (High Cohesion),House Committee on Natural Resources; House Committee on Oversight and Government Reform; House Committee on Natural Resources (Subcommittee); House Committee on Oversight and Accountability (Subcommittee),N/A (No net worth disclosure provided in sources)
H001098,Abraham Hamadeh,House,Republican,AZ,District 8,2025-01-03,35,1991-05-15,Juris Doctor (J.D.) from the University of Arizona James E. Rogers College of Law,"Deputy County Attorney (Prosecutor) for Maricopa County, Intelligence Officer in the U.S. Army Reserve",Unknown,Unknown,Individual/PAC contributions,"Border Security and Immigration Enforcement, Election Integrity, National Security and Law and Order",Projected ~95%-99% Republican (High Cohesion),House Committee on Armed Services; House Committee on Veterans' Affairs; House Committee on Veterans' Affairs (Subcommittee); House Committee on Armed Services (Subcommittee),N/A (No net worth disclosure provided in sources)
S001231,Lateefah Simon,House,Democrat,CA,District 12,2025-01-03,49,1977-01-29,"Master of Public Administration (MPA), University of San Francisco","Civil rights advocate and nonprofit executive, including serving as President of the Akonadi Foundation and Executive Director of the Lawyers' Committee for Civil Rights of the San Francisco Bay Area",Unknown,Unknown,Individual/PAC contributions,"Civil Rights and Racial Justice, Affordable Housing and Homelessness, Public Transportation and Infrastructure",Projected ~95%-99% Democratic (High Cohesion),House Committee on Oversight and Government Reform; House Committee on Small Business; House Committee on Small Business (Subcommittee); House Committee on Oversight and Accountability (Subcommittee),N/A (No net worth disclosure provided in sources)
G000605,Adam Gray,House,Democrat,CA,District 13,2025-01-03,48,1977-09-23,"Bachelor of Science in Political Science, University of California, Santa Barbara","Legislative Aide, University Lecturer",Unknown,Unknown,Individual/PAC contributions,"Water Rights and Agricultural Preservation, Healthcare Access and Medical Education Expansion, Economic Development and Infrastructure",Projected ~95%-99% Democratic (High Cohesion),House Committee on Natural Resources; House Committee on Agriculture; House Committee on Agriculture (Subcommittee); House Committee on Natural Resources (Subcommittee),N/A (No net worth disclosure provided in sources)
L000607,Sam Liccardo,House,Democrat,CA,District 16,2025-01-03,56,1970-04-16,"Georgetown University (BA), Harvard Law School (JD), Harvard Kennedy School (MPP)",Public service,3489297.65,1426732.34,Individual/PAC contributions,General legislative priorities,Projected ~95%-99% Democratic (High Cohesion),House Committee on Financial Services; House Committee on Financial Services (Subcommittee),N/A (No net worth disclosure provided in sources)
W000830,George Whitesides,House,Democrat,CA,District 27,2025-01-03,52,1974-03-03,Master of Philosophy (MPhil) from the University of Cambridge,Aerospace executive (CEO of Virgin Galactic) and NASA Chief of Staff,Unknown,Unknown,Individual/PAC contributions,"Wildfire mitigation and climate resilience, Job creation and economic growth in aerospace and clean energy, Lowering healthcare and prescription drug costs",Projected ~95%-99% Democratic (High Cohesion),"House Committee on Science, Space, and Technology; House Committee on Armed Services; House Committee on Armed Services (Subcommittee); House Committee on Science, Space, and Technology (Subcommittee)",N/A (No net worth disclosure provided in sources)
R000620,Luz Rivas,House,Democrat,CA,District 29,2025-01-03,52,1974-02-06,"Master of Education (Ed.M.), Harvard University",Electrical Engineer and Nonprofit Founder,Unknown,Unknown,Individual/PAC contributions,"STEM Education and Equity, Environmental Justice and Climate Action, Affordable Housing and Homelessness Solutions",Projected ~95%-99% Democratic (High Cohesion),"House Committee on Natural Resources; House Committee on Science, Space, and Technology; House Committee on Natural Resources (Subcommittee); House Committee on Science, Space, and Technology (Subcommittee)",N/A (No net worth disclosure provided in sources)
F000483,Laura Friedman,House,Democrat,CA,District 30,2025-01-03,59,1966-12-03,"Bachelor of Arts in History, University of Rochester","Film producer, Film production executive, Small business owner",827895.09,655389.44,Individual/PAC contributions,"Environmental protection and climate action, Sustainable transportation and infrastructure, Housing affordability and homelessness",Projected ~95%-99% Democratic (High Cohesion),"House Committee on Transportation and Infrastructure; House Committee on Science, Space, and Technology; House Committee on Transportation and Infrastructure (Subcommittee); House Committee on Science, Space, and Technology (Subcommittee)",N/A (No net worth disclosure provided in sources)
T000491,Derek Tran,House,Democrat,CA,District 45,2025-01-03,45,1980-12-22,Juris Doctor (J.D.) from Glendale University College of Law,"Consumer rights and employment attorney, U.S. Army veteran, and small business owner",Unknown,Unknown,Individual/PAC contributions,"Protecting reproductive freedom and healthcare access, Lowering the cost of living and supporting working families, Strengthening veterans' resources and public safety",Projected ~95%-99% Democratic (High Cohesion),House Committee on Armed Services; House Committee on Small Business; House Committee on Small Business (Subcommittee); House Committee on Armed Services (Subcommittee),N/A (No net worth disclosure provided in sources)
M001241,Dave Min,House,Democrat,CA,District 47,2025-01-03,50,1976-03-05,Juris Doctor (J.D.) from Harvard Law School,"Law Professor at UC Irvine School of Law, SEC Enforcement Attorney, and Economic Policy Advisor",Unknown,Unknown,Individual/PAC contributions,"Gun violence prevention, environmental protection and climate action, and economic opportunity and housing affordability",Projected ~95%-99% Democratic (High Cohesion),Joint Economic Committee; House Committee on Natural Resources; House Committee on Oversight and Government Reform; House Committee on Natural Resources (Subcommittee); House Committee on Oversight and Accountability (Subcommittee),N/A (No net worth disclosure provided in sources)
H001100,Jeff Hurd,House,Republican,CO,District 3,2025-01-03,46,1979-08-15,Juris Doctor (J.D.) from Columbia Law School,"Attorney specializing in energy, water, and commercial law",3552599.03,1800885.39,Individual/PAC contributions,"Protecting water rights and supporting agriculture, Promoting energy independence and local energy production, Fostering economic development and lowering the cost of living",Projected ~95%-99% Republican (High Cohesion),"House Committee on Natural Resources; House Committee on Transportation and Infrastructure; House Committee on Science, Space, and Technology; House Committee on Natural Resources (Subcommittee); House Committee on Transportation and Infrastructure (Subcommittee); House Committee on Science, Space, and Technology (Subcommittee)",N/A (No net worth disclosure provided in sources)
C001137,Jeff Crank,House,Republican,CO,District 5,2025-01-03,59,1967-01-28,"Bachelor of Arts in Political Science, Colorado State University Pueblo","Radio Talk Show Host, Political Advocacy Director (Americans for Prosperity), Congressional Staffer",2177287.76,778792.52,Individual/PAC contributions,"Fiscal Responsibility and Government Spending Cuts, National Security and Military Support, Border Security and Immigration Enforcement",Projected ~95%-99% Republican (High Cohesion),House Committee on Natural Resources; House Committee on Armed Services; House Committee on Natural Resources (Subcommittee); House Committee on Armed Services (Subcommittee),N/A (No net worth disclosure provided in sources)
E000300,Gabe Evans,House,Republican,CO,District 8,2025-01-03,40,1986-07-28,"Bachelor of Science in Government, Liberty University","Police Lieutenant (Arvada Police Department), Blackhawk Helicopter Pilot (Colorado Army National Guard), Colorado State Representative",5393673.36,1588203.24,Individual/PAC contributions,"Border Security and Crime Reduction, Economic Growth and Inflation, Energy Independence",Projected ~95%-99% Republican (High Cohesion),House Committee on Homeland Security; House Committee on Energy and Commerce; House Committee on Homeland Security (Subcommittee); House Committee on Energy and Commerce (Subcommittee),N/A (No net worth disclosure provided in sources)
M001238,Sarah McBride,House,Democrat,DE,District 0,2025-01-03,35,1990-08-09,Bachelor of Arts (B.A.) from American University,LGBTQ+ rights advocate and National Press Secretary for the Human Rights Campaign,Unknown,Unknown,Individual/PAC contributions,"Expanding access to affordable healthcare and paid family leave, Advancing LGBTQ+ equality and civil rights, Strengthening public education and economic opportunity",Projected ~95%-99% Democratic (High Cohesion),"House Committee on Science, Space, and Technology; House Committee on Foreign Affairs; House Committee on Science, Space, and Technology (Subcommittee); House Committee on Foreign Affairs (Subcommittee)",N/A (No net worth disclosure provided in sources)
H001099,Mike Haridopolos,House,Republican,FL,District 8,2025-01-03,56,1970-03-15,"Master of Arts in History, University of Arkansas",College Professor and Political Consultant,Unknown,Unknown,Individual/PAC contributions,"Fiscal conservatism and tax reduction, Border security and immigration enforcement, Economic growth and deregulation",Projected ~95%-99% Republican (High Cohesion),"House Committee on Science, Space, and Technology; House Committee on Financial Services; House Committee on Financial Services (Subcommittee); House Committee on Science, Space, and Technology (Subcommittee)",N/A (No net worth disclosure provided in sources)
J000311,Brian Jack,House,Republican,GA,District 3,2025-01-03,38,1988-02-17,Bachelor of Arts in Political Science from Auburn University,"Political Advisor, White House Political Director",Unknown,Unknown,Individual/PAC contributions,"Border Security, Economic Growth and Inflation Reduction, Protecting Constitutional Rights",Projected ~95%-99% Republican (High Cohesion),House Committee on Oversight and Government Reform; House Committee on Small Business; House Committee on Rules; House Committee on Small Business (Subcommittee); House Committee on Oversight and Accountability (Subcommittee); House Committee on Rules (Subcommittee),N/A (No net worth disclosure provided in sources)
S001229,Jefferson Shreve,House,Republican,IN,District 6,2025-01-03,60,1965-09-24,Master of Business Administration (MBA) from Northwestern University,"Founder and President of Storage Express, Real estate investor and businessman",Unknown,Unknown,Individual/PAC contributions,"Border security and immigration enforcement, Economic growth and combating inflation, Fiscal responsibility and reducing the national debt",Projected ~95%-99% Republican (High Cohesion),House Committee on Appropriations; House Committee on Appropriations (Subcommittee),N/A (No net worth disclosure provided in sources)
M001233,Mark Messmer,House,Republican,IN,District 8,2025-01-03,58,1967-12-16,"Bachelor of Science in Mechanical Engineering, Purdue University","Mechanical Engineer, Co-owner of Messmer Mechanical (HVAC and plumbing business)",Unknown,Unknown,Individual/PAC contributions,"Economic growth and small business support, Energy independence and infrastructure development, Border security and fiscal responsibility",Projected ~95%-99% Republican (High Cohesion),House Committee on Agriculture; House Committee on Armed Services; House Committee on Education and Workforce; House Committee on Agriculture (Subcommittee); House Committee on Armed Services (Subcommittee); House Committee on Education and the Workforce (Subcommittee),N/A (No net worth disclosure provided in sources)
S001228,Derek Schmidt,House,Republican,KS,District 2,2025-01-03,58,1968-01-23,"Ph.D. in Public Administration, University of Kansas","Attorney, Congressional and Gubernatorial Staffer",Unknown,Unknown,Individual/PAC contributions,"Agriculture and Rural Development, Fiscal Responsibility and Economic Growth, Border Security and Law Enforcement",Projected ~95%-99% Republican (High Cohesion),House Committee on the Judiciary; House Committee on Armed Services; House Committee on Small Business; House Committee on Small Business (Subcommittee); House Committee on the Judiciary (Subcommittee); House Committee on Armed Services (Subcommittee),N/A (No net worth disclosure provided in sources)
O000176,Johnny Olszewski,House,Democrat,MD,District 2,2025-01-03,43,1982-09-10,"Ph.D. in Public Policy, University of Maryland, Baltimore County (UMBC)","High school social studies teacher, Software account executive",1040389.5,592705.7,Individual/PAC contributions,"Public education funding and support, Economic development and middle-class job creation, Environmental protection and climate resilience",Projected ~95%-99% Democratic (High Cohesion),House Committee on Foreign Affairs; House Committee on Small Business; House Committee on Small Business (Subcommittee); House Committee on Foreign Affairs (Subcommittee),N/A (No net worth disclosure provided in sources)
E000301,Sarah Elfreth,House,Democrat,MD,District 3,2025-01-03,37,1988-09-09,"Master of Public Policy (MPP), Johns Hopkins University",Government affairs director for the National Aquarium and university administrator,Unknown,Unknown,Individual/PAC contributions,"Environmental protection and Chesapeake Bay restoration, Public education funding and resources, Healthcare access and reproductive rights",Projected ~95%-99% Democratic (High Cohesion),House Committee on Natural Resources; House Committee on Armed Services; House Committee on Natural Resources (Subcommittee); House Committee on Armed Services (Subcommittee),N/A (No net worth disclosure provided in sources)
M001232,April McClain Delaney,House,Democrat,MD,District 6,2025-01-03,62,1964-05-28,Juris Doctor (J.D.) from Georgetown University Law Center,"Communications attorney, Deputy Assistant Secretary at the National Telecommunications and Information Administration (NTIA), and Washington Director for Common Sense Media",Unknown,Unknown,Individual/PAC contributions,"Children's online safety and digital well-being, Broadband expansion and infrastructure, Reproductive freedom and healthcare access",Projected ~95%-99% Democratic (High Cohesion),"House Committee on Science, Space, and Technology; House Committee on Agriculture; House Committee on Agriculture (Subcommittee); House Committee on Science, Space, and Technology (Subcommittee)",N/A (No net worth disclosure provided in sources)
B001321,Tom Barrett,House,Republican,MI,District 7,2025-01-03,45,1981-04-30,"Bachelor of Arts in Political Science and Public Administration, Western Michigan University","U.S. Army Helicopter Pilot (Michigan Army National Guard), Financial Analyst for the Michigan Department of Treasury",Unknown,Unknown,Individual/PAC contributions,"Economic growth and combating inflation, National security and veterans' advocacy, Border security and immigration enforcement",Projected ~95%-99% Republican (High Cohesion),House Committee on Transportation and Infrastructure; House Committee on Veterans' Affairs; House Committee on Transportation and Infrastructure (Subcommittee); House Committee on Veterans' Affairs (Subcommittee),N/A (No net worth disclosure provided in sources)
M001237,Kristen McDonald Rivet,House,Democrat,MI,District 8,2025-01-03,56,1970-07-11,"Master of Public Administration (MPA), University of Michigan-Flint","Non-profit executive, Education policy administrator, Chief of Staff for the Michigan Department of Education",Unknown,Unknown,Individual/PAC contributions,"Lowering costs for working families, Early childhood education and childcare access, Economic development and job creation",Projected ~95%-99% Democratic (High Cohesion),House Committee on Transportation and Infrastructure; House Committee on Agriculture; House Committee on Agriculture (Subcommittee); House Committee on Transportation and Infrastructure (Subcommittee),N/A (No net worth disclosure provided in sources)
M001234,Kelly Morrison,House,Democrat,MN,District 3,2025-01-03,57,1969-02-02,Doctor of Medicine (M.D.) from Case Western Reserve University School of Medicine,Obstetrician-gynecologist (OB-GYN),Unknown,Unknown,Individual/PAC contributions,"Reproductive rights and healthcare access, Environmental protection and clean water, Gun violence prevention",Projected ~95%-99% Democratic (High Cohesion),House Committee on Veterans' Affairs; House Committee on Small Business; House Committee on Small Business (Subcommittee); House Committee on Veterans' Affairs (Subcommittee),N/A (No net worth disclosure provided in sources)
B001324,Wesley Bell,House,Democrat,MO,District 1,2025-01-03,51,1974-11-05,"Lindenwood University (BA), University of Missouri School of Law (JD)",Public service,Unknown,Unknown,Individual/PAC contributions,General legislative priorities,Projected ~95%-99% Democratic (High Cohesion),House Committee on Armed Services; House Committee on Oversight and Government Reform; House Committee on Foreign Affairs; House Committee on Oversight and Accountability (Subcommittee); House Committee on Armed Services (Subcommittee),N/A (No net worth disclosure provided in sources)
O000177,Robert Onder,House,Republican,MO,District 3,2025-01-03,64,1962-01-06,"Washington University in St. Louis (BA, MD, JD)",Public service,950349.83,636335.08,Individual/PAC contributions,General legislative priorities,Projected ~95%-99% Republican (High Cohesion),House Committee on Transportation and Infrastructure; House Committee on the Judiciary; House Committee on Education and Workforce; House Committee on Transportation and Infrastructure (Subcommittee); House Committee on the Judiciary (Subcommittee); House Committee on Education and the Workforce (Subcommittee),N/A (No net worth disclosure provided in sources)
K000404,Kimberlyn King-Hinds,House,Republican,MP,District 0,2025-01-03,51,1975-04-10,"Juris Doctor (J.D.), University of Hawaiʻi at Mānoa",Attorney and former Legal Counsel for the Commonwealth Ports Authority,64121.9,59438.34,Individual/PAC contributions,"Economic development and tourism revitalization, Infrastructure and port improvements, Healthcare access and federal funding parity for territories",Projected ~95%-99% Republican (High Cohesion),House Committee on Transportation and Infrastructure; House Committee on Veterans' Affairs; House Committee on Small Business; House Committee on Small Business (Subcommittee); House Committee on Transportation and Infrastructure (Subcommittee); House Committee on Veterans' Affairs (Subcommittee),N/A (No net worth disclosure provided in sources)
D000634,Troy Downing,House,Republican,MT,District 2,2025-01-03,59,1967-03-04,Attended New York University (Computer Science / Courant Institute of Mathematical Sciences),"Technology Entrepreneur (Founder of WebCal, acquired by Yahoo!), Commercial Real Estate Developer and Self-Storage Business Owner, U.S. Air Force / Air National Guard Search and Rescue Officer",2127926.95,1588993.08,Individual/PAC contributions,"Border Security and Immigration Enforcement, Fiscal Conservatism and National Debt Reduction, Protecting Second Amendment Rights and Supporting Veterans",Projected ~95%-99% Republican (High Cohesion),House Committee on Natural Resources; House Committee on Financial Services; House Committee on Natural Resources (Subcommittee); House Committee on Financial Services (Subcommittee),N/A (No net worth disclosure provided in sources)
M001240,Addison McDowell,House,Republican,NC,District 6,2025-01-03,32,1994-01-21,UNC Charlotte (BS in Business Administration),Public service,Unknown,Unknown,Individual/PAC contributions,General legislative priorities,Projected ~95%-99% Republican (High Cohesion),House Committee on Natural Resources; House Committee on Transportation and Infrastructure; House Committee on the Budget; House Committee on Natural Resources (Subcommittee); House Committee on Transportation and Infrastructure (Subcommittee),N/A (No net worth disclosure provided in sources)
H001102,Mark Harris,House,Republican,NC,District 8,2025-01-03,60,1966-04-24,"Doctor of Ministry (D.Min.), Southeastern Baptist Theological Seminary",Southern Baptist Pastor,Unknown,Unknown,Individual/PAC contributions,"Religious freedom and traditional family values, Fiscal responsibility and economic growth, Border security and immigration enforcement",Projected ~95%-99% Republican (High Cohesion),House Committee on Agriculture; House Committee on the Judiciary; House Committee on Education and Workforce; House Committee on Agriculture (Subcommittee); House Committee on Education and the Workforce (Subcommittee); House Committee on the Judiciary (Subcommittee),N/A (No net worth disclosure provided in sources)
H001101,Pat Harrigan,House,Republican,NC,District 10,2025-01-03,39,1987-06-21,Master of Business Administration (MBA) from Arizona State University,"U.S. Army Special Forces Officer (Green Beret), Firearms Manufacturing Business Owner",1081820.85,683387.33,Individual/PAC contributions,"National Security and Border Security, Economic Growth and Inflation Reduction, Second Amendment Rights and Veterans Support",Projected ~95%-99% Republican (High Cohesion),"House Committee on Science, Space, and Technology; House Committee on Armed Services; House Committee on Science, Space, and Technology (Subcommittee); House Committee on Armed Services (Subcommittee)",N/A (No net worth disclosure provided in sources)
K000405,Brad Knott,House,Republican,NC,District 13,2025-01-03,40,1986-04-17,Juris Doctor (J.D.) from Wake Forest University School of Law,Assistant U.S. Attorney (Federal Prosecutor),Unknown,Unknown,Individual/PAC contributions,"Border security, supporting law enforcement, and reducing government spending",Projected ~95%-99% Republican (High Cohesion),House Committee on Transportation and Infrastructure; House Committee on the Judiciary; House Committee on Homeland Security; House Committee on Ethics; House Committee on Transportation and Infrastructure (Subcommittee); House Committee on the Judiciary (Subcommittee); House Committee on Homeland Security (Subcommittee),N/A (No net worth disclosure provided in sources)
M001236,Tim Moore,House,Republican,NC,District 14,2025-01-03,55,1970-10-02,"University of North Carolina at Chapel Hill (BA), Oklahoma City University School of Law (JD)",Public service,1538952.2,880526.27,Individual/PAC contributions,General legislative priorities,Projected ~95%-99% Republican (High Cohesion),House Committee on Financial Services; House Committee on the Budget; House Committee on Financial Services (Subcommittee),N/A (No net worth disclosure provided in sources)
F000482,Julie Fedorchak,House,Republican,ND,District 0,2025-01-03,57,1968-09-28,"Bachelor of Arts in Journalism, University of North Dakota","Communications consultant, public relations business owner, and gubernatorial communications director",1730662.65,1004419.58,Individual/PAC contributions,"Energy independence and grid reliability, agricultural advocacy, and fiscal responsibility",Projected ~95%-99% Republican (High Cohesion),House Committee on Energy and Commerce; House Committee on Energy and Commerce (Subcommittee),N/A (No net worth disclosure provided in sources)
G000604,Maggie Goodlander,House,Democrat,NH,District 2,2025-01-03,39,1986-11-04,Juris Doctor (J.D.) from Yale Law School,"Attorney, Deputy Assistant Attorney General at the U.S. Department of Justice, and U.S. Navy Reserve Intelligence Officer",Unknown,Unknown,Individual/PAC contributions,"Lowering the cost of living and combating corporate monopolies, Protecting reproductive freedom and abortion access, Defending democracy and voting rights",Projected ~95%-99% Democratic (High Cohesion),House Committee on Armed Services; House Committee on Veterans' Affairs; House Committee on Small Business; House Committee on Small Business (Subcommittee); House Committee on Armed Services (Subcommittee); House Committee on Veterans' Affairs (Subcommittee),N/A (No net worth disclosure provided in sources)
C001136,Herbert Conaway,House,Democrat,NJ,District 3,2025-01-03,63,1963-01-30,M.D. from Jefferson Medical College (also holds a J.D. from Rutgers Law School),"Primary Care Physician, Director of the Burlington County Health Department, Captain in the U.S. Army Medical Corps",Unknown,Unknown,Individual/PAC contributions,"Healthcare access and affordability, Public health and reproductive rights, Environmental protection and climate resilience",Projected ~95%-99% Democratic (High Cohesion),House Committee on Armed Services; House Committee on Veterans' Affairs; House Committee on Veterans' Affairs (Subcommittee); House Committee on Armed Services (Subcommittee),N/A (No net worth disclosure provided in sources)
P000621,Nellie Pou,House,Democrat,NJ,District 9,2025-01-03,70,1956-05-20,Attended Kean College and Rutgers University (Business Administration),"Business Administrator and Director of Human Services for the City of Paterson, New Jersey",2661928.16,1021042.96,Individual/PAC contributions,"Criminal and juvenile justice reform, Healthcare access and reproductive rights, Consumer protection and economic development",Projected ~95%-99% Democratic (High Cohesion),House Committee on Transportation and Infrastructure; House Committee on Homeland Security; House Committee on Transportation and Infrastructure (Subcommittee); House Committee on Homeland Security (Subcommittee),N/A (No net worth disclosure provided in sources)
G000602,Laura Gillen,House,Democrat,NY,District 4,2025-01-03,57,1969-07-10,Juris Doctor (J.D.) from New York University School of Law,Attorney,Unknown,Unknown,Individual/PAC contributions,"Lowering the cost of living and restoring the SALT deduction, Enhancing public safety and supporting law enforcement, Protecting reproductive freedom and women's healthcare access",Projected ~95%-99% Democratic (High Cohesion),"House Committee on Transportation and Infrastructure; House Committee on Science, Space, and Technology; House Committee on Transportation and Infrastructure (Subcommittee); House Committee on Science, Space, and Technology (Subcommittee)",N/A (No net worth disclosure provided in sources)
L000606,George Latimer,House,Democrat,NY,District 16,2025-01-03,72,1953-11-22,"Mount Saint Mary College (BA in Political Science), Fordham University (MPA)",Public service,Unknown,Unknown,Individual/PAC contributions,General legislative priorities,Projected ~95%-99% Democratic (High Cohesion),House Committee on Foreign Affairs; House Committee on Small Business; House Committee on Small Business (Subcommittee); House Committee on Foreign Affairs (Subcommittee),N/A (No net worth disclosure provided in sources)
R000622,Josh Riley,House,Democrat,NY,District 19,2025-01-03,45,1981-01-21,"Juris Doctor (J.D.), Harvard Law School",Attorney and Senate Judiciary Committee General Counsel,Unknown,Unknown,Individual/PAC contributions,"Economic growth and manufacturing jobs, Protecting reproductive freedom, Campaign finance reform",Projected ~95%-99% Democratic (High Cohesion),"House Committee on Science, Space, and Technology; House Committee on Agriculture; House Committee on Agriculture (Subcommittee); House Committee on Science, Space, and Technology (Subcommittee)",N/A (No net worth disclosure provided in sources)
M001231,John Mannion,House,Democrat,NY,District 22,2025-01-03,58,1968-07-08,"University of Notre Dame (BS in Biology), SUNY Oswego (MS in Secondary Education)",Public service,Unknown,Unknown,Individual/PAC contributions,General legislative priorities,Projected ~95%-99% Democratic (High Cohesion),House Committee on Agriculture; House Committee on Education and Workforce; House Committee on Agriculture (Subcommittee); House Committee on Education and the Workforce (Subcommittee),N/A (No net worth disclosure provided in sources)
T000490,David Taylor,House,Republican,OH,District 2,2025-01-03,56,1969-11-16,"Juris Doctor (J.D.), University of Dayton School of Law",Assistant Prosecuting Attorney and Business Owner (Taylor Stone Design),Unknown,Unknown,Individual/PAC contributions,"Border security and immigration enforcement, Economic growth and supporting small businesses, Fiscal responsibility and reducing government spending",Projected ~95%-99% Republican (High Cohesion),House Committee on Transportation and Infrastructure; House Committee on Agriculture; House Committee on Agriculture (Subcommittee); House Committee on Transportation and Infrastructure (Subcommittee),N/A (No net worth disclosure provided in sources)
D000635,Maxine Dexter,House,Democrat,OR,District 3,2025-01-03,53,1972-12-05,"M.D., University of Washington School of Medicine",Pulmonary and critical care physician,Unknown,Unknown,Individual/PAC contributions,"Healthcare access and reproductive rights, Housing and homelessness, Climate change and environmental protection",Projected ~95%-99% Democratic (High Cohesion),House Committee on Natural Resources; House Committee on Veterans' Affairs; House Committee on Natural Resources (Subcommittee); House Committee on Veterans' Affairs (Subcommittee),N/A (No net worth disclosure provided in sources)
B001326,Janelle Bynum,House,Democrat,OR,District 5,2025-01-03,51,1975-01-31,"Master of Business Administration (MBA), University of Michigan",Electrical engineer and McDonald's franchise owner,Unknown,Unknown,Individual/PAC contributions,"Lowering the cost of living and supporting small businesses, Improving public education and career-technical training, Protecting reproductive freedom and healthcare access",Projected ~95%-99% Democratic (High Cohesion),House Committee on Financial Services; House Committee on Financial Services (Subcommittee),N/A (No net worth disclosure provided in sources)
M001230,Ryan Mackenzie,House,Republican,PA,District 7,2025-01-03,44,1982-08-03,"New York University (BS in Finance), Harvard Business School (MBA)",Public service,Unknown,Unknown,Individual/PAC contributions,General legislative priorities,Projected ~95%-99% Republican (High Cohesion),House Committee on Homeland Security; House Committee on Foreign Affairs; House Committee on Education and Workforce; House Committee on Homeland Security (Subcommittee); House Committee on Foreign Affairs (Subcommittee); House Committee on Education and the Workforce (Subcommittee),N/A (No net worth disclosure provided in sources)
B001327,Robert Bresnahan,House,Republican,PA,District 8,2025-01-03,36,1990-04-22,"Bachelor of Science in Business Administration, Pennsylvania State University","CEO of Kuharchik Construction, Businessman and entrepreneur",Unknown,Unknown,Individual/PAC contributions,"Economic growth and combating inflation, Border security and immigration enforcement, Infrastructure development and energy independence",Projected ~95%-99% Republican (High Cohesion),House Committee on Transportation and Infrastructure; House Committee on Agriculture; House Committee on Small Business; House Committee on Agriculture (Subcommittee); House Committee on Small Business (Subcommittee); House Committee on Transportation and Infrastructure (Subcommittee),N/A (No net worth disclosure provided in sources)
H001103,Pablo José Hernández Rivera,House,Democrat,PR,District 0,2025-01-03,35,1991-05-11,Juris Doctor (J.D.) from Stanford Law School,Attorney in private practice and federal law clerk,861573.18,331737.58,Individual/PAC contributions,"Economic development and job creation, Parity in federal funding for healthcare (Medicare/Medicaid) and nutrition (SNAP), Infrastructure and energy grid modernization",Projected ~95%-99% Democratic (High Cohesion),House Committee on Natural Resources; House Committee on Homeland Security; House Committee on Natural Resources (Subcommittee); House Committee on Homeland Security (Subcommittee),N/A (No net worth disclosure provided in sources)
B001325,Sheri Biggs,House,Republican,SC,District 3,2025-01-03,56,1970-03-28,"Doctor of Nursing Practice (DNP), Samford University","Family Nurse Practitioner, Lieutenant Colonel, Air National Guard (Flight Nurse)",Unknown,Unknown,Individual/PAC contributions,"Border Security and Immigration, Veterans' Healthcare and Mental Health Reform, Fiscal Responsibility and Economic Growth",Projected ~95%-99% Republican (High Cohesion),"House Committee on Science, Space, and Technology; House Committee on Homeland Security; House Committee on Foreign Affairs; House Committee on Science, Space, and Technology (Subcommittee); House Committee on Foreign Affairs (Subcommittee); House Committee on Homeland Security (Subcommittee)",N/A (No net worth disclosure provided in sources)
G000601,Craig Goldman,House,Republican,TX,District 12,2025-01-03,57,1968-10-03,"Bachelor of Arts in Government, University of Texas at Austin","Real estate investment partner, Retail business owner",1756535.34,783571.11,Individual/PAC contributions,"Border security, Economic growth and tax relief, Public safety and supporting law enforcement",Projected ~95%-99% Republican (High Cohesion),House Committee on Energy and Commerce; House Committee on Energy and Commerce (Subcommittee),N/A (No net worth disclosure provided in sources)
G000603,Brandon Gill,House,Republican,TX,District 26,2025-01-03,32,1994-02-26,"Bachelor of Arts in History, Dartmouth College","Conservative news publisher and media founder, Documentary film producer, Financial analyst",Unknown,Unknown,Individual/PAC contributions,"Border security and immigration enforcement, Reducing federal spending and inflation, Defending constitutional rights and conservative values",Projected ~95%-99% Republican (High Cohesion),House Committee on the Judiciary; House Committee on Oversight and Government Reform; House Committee on the Budget; House Committee on the Judiciary (Subcommittee); House Committee on Oversight and Accountability (Subcommittee),N/A (No net worth disclosure provided in sources)
J000310,Julie Johnson,House,Democrat,TX,District 32,2025-01-03,60,1966-05-02,Juris Doctor (J.D.) from the University of Houston Law Center,Attorney and Trial Lawyer,Unknown,Unknown,Individual/PAC contributions,"Healthcare access and reproductive rights, Public education funding and teacher support, LGBTQ+ equality and civil rights",Projected ~95%-99% Democratic (High Cohesion),Joint Committee of Congress on the Library; House Committee on Homeland Security; House Committee on Foreign Affairs; House Committee on House Administration; House Committee on Homeland Security (Subcommittee); Committee on House Administration (Subcommittee); House Committee on Foreign Affairs (Subcommittee),N/A (No net worth disclosure provided in sources)
K000403,Mike Kennedy,House,Republican,UT,District 3,2025-01-03,57,1969-02-02,Doctor of Medicine (MD) from Michigan State University and Juris Doctor (JD) from Brigham Young University,Family Physician and Attorney,Unknown,Unknown,Individual/PAC contributions,"Healthcare Reform, Fiscal Responsibility and Government Spending, Family and Child Protection",Projected ~95%-99% Republican (High Cohesion),"House Committee on Natural Resources; House Committee on Transportation and Infrastructure; House Committee on Science, Space, and Technology; House Committee on Natural Resources (Subcommittee); House Committee on Transportation and Infrastructure (Subcommittee); House Committee on Science, Space, and Technology (Subcommittee)",N/A (No net worth disclosure provided in sources)
M001239,John McGuire,House,Republican,VA,District 5,2025-01-03,57,1968-08-24,High School Diploma (Henrico High School) and U.S. Navy SEAL training,"U.S. Navy SEAL, Small Business Owner (Founder of SEAL Team Physical Training)",Unknown,Unknown,Individual/PAC contributions,"Border Security and Immigration Enforcement, Support for Veterans, Military, and Law Enforcement, Economic Growth, Tax Cuts, and Fiscal Responsibility",Projected ~95%-99% Republican (High Cohesion),House Committee on Armed Services; House Committee on Oversight and Government Reform; House Committee on Oversight and Accountability (Subcommittee); House Committee on Armed Services (Subcommittee),N/A (No net worth disclosure provided in sources)
V000138,Eugene Vindman,House,Democrat,VA,District 7,2025-01-03,51,1975-06-06,Juris Doctor (J.D.) from the University of Georgia School of Law,"U.S. Army Colonel, Military Attorney (JAG Corps Officer), National Security Council (NSC) Legal Advisor",Unknown,Unknown,Individual/PAC contributions,"Defending democracy and the rule of law, Protecting reproductive rights and healthcare access, Supporting veterans, military families, and national security",Projected ~95%-99% Democratic (High Cohesion),House Committee on Agriculture; House Committee on Armed Services; House Committee on Agriculture (Subcommittee); House Committee on Armed Services (Subcommittee),N/A (No net worth disclosure provided in sources)
S001230,Suhas Subramanyam,House,Democrat,VA,District 10,2025-01-03,39,1986-09-26,Juris Doctor (J.D.) from Northwestern University School of Law,White House technology policy adviser and attorney,Unknown,Unknown,Individual/PAC contributions,"Healthcare access and lowering prescription drug costs, Gun violence prevention, Technology, cybersecurity, and digital privacy",Projected ~95%-99% Democratic (High Cohesion),"House Committee on Science, Space, and Technology; House Committee on Oversight and Government Reform; House Committee on Ethics; House Committee on Science, Space, and Technology (Subcommittee); House Committee on Oversight and Accountability (Subcommittee)",N/A (No net worth disclosure provided in sources)
B001322,Michael Baumgartner,House,Republican,WA,District 5,2025-01-03,50,1975-12-13,Master of Public Administration (MPA) from Harvard University,"Foreign Service Officer / Diplomat, International Development Consultant",1738226.34,976007.41,Individual/PAC contributions,"Border Security and National Security, Fiscal Responsibility and Inflation Reduction, Economic Growth and Agricultural Support",Projected ~95%-99% Republican (High Cohesion),House Committee on the Judiciary; House Committee on Foreign Affairs; House Committee on Education and Workforce; House Committee on Education and the Workforce (Subcommittee); House Committee on the Judiciary (Subcommittee); House Committee on Foreign Affairs (Subcommittee),N/A (No net worth disclosure provided in sources)
R000621,Emily Randall,House,Democrat,WA,District 6,2025-01-03,40,1985-10-30,"Bachelor of Arts, Wellesley College",Non-profit fundraiser and healthcare advocate,Unknown,Unknown,Individual/PAC contributions,"Expanding healthcare access and protecting reproductive rights, Lowering the cost of living and infrastructure tolls, Improving education access and workforce development",Projected ~95%-99% Democratic (High Cohesion),House Committee on Natural Resources; House Committee on Oversight and Government Reform; House Committee on Natural Resources (Subcommittee); House Committee on Oversight and Accountability (Subcommittee),N/A (No net worth disclosure provided in sources)
M001235,Riley Moore,House,Republican,WV,District 2,2025-01-03,46,1980-07-01,"Master of Arts in Strategic Security Studies, Boston University","Defense and aerospace industry consultant, U.S. House Foreign Affairs Committee staffer, Government relations associate",Unknown,Unknown,Individual/PAC contributions,"Opposing ESG (Environmental, Social, and Governance) financial regulations, Promoting domestic energy independence, specifically coal and natural gas, Securing the southern border and strengthening national security",Projected ~95%-99% Republican (High Cohesion),House Committee on Appropriations; House Committee on Appropriations (Subcommittee),N/A (No net worth disclosure provided in sources)
J000312,Jim Justice,Senate,Republican,WV,Unknown,2025-01-14,75,1951-04-27,Master of Business Administration (MBA) from Marshall University,"Coal mining executive, agriculture business owner, and hospitality executive (owner of The Greenbrier resort)",79577.55,577157.51,Individual/PAC contributions,"Energy independence and support for the coal and natural gas industries, Economic development, job creation, and tax reduction, Infrastructure improvement and education funding",Projected ~95%-99% Republican (High Cohesion),"Senate Committee on Agriculture, Nutrition, and Forestry; Senate Committee on Agriculture, Nutrition, and Forestry (Subcommittee); Senate Committee on Energy and Natural Resources; Senate Committee on Energy and Natural Resources (Subcommittee); Senate Committee on Small Business and Entrepreneurship; Senate Special Committee on Aging",N/A (No net worth disclosure provided in sources)
H001104,Jon Husted,Senate,Republican,OH,Unknown,2025-01-21,58,1967-08-25,"Master of Science in Communication, University of Dayton","Vice President of Economic Development for the Dayton Area Chamber of Commerce, Assistant Athletic Director at the University of Dayton",Unknown,Unknown,"Real estate, technology, state party transfers","Economic development, technological delegation to states, workforce training initiatives",97% Republican / 3% Democratic,"Senate Committee on Appropriations; Senate Committee on Appropriations (Subcommittee); Senate Committee on Environment and Public Works; Senate Committee on Environment and Public Works (Subcommittee); Senate Committee on Health, Education, Labor, and Pensions; Senate Committee on Health, Education, Labor, and Pensions (Subcommittee); Senate Committee on Small Business and Entrepreneurship; Senate Special Committee on Aging","$2,000,000 - $5,000,000 (Based on executive career asset disclosures)"
M001244,Ashley Moody,Senate,Republican,FL,Unknown,2025-01-21,51,1975-03-28,"University of Florida (BS, MS in Accounting, JD), Stetson University College of Law (LLM)",Public service,Unknown,Unknown,"Friends of Ashley Moody PAC, state party, corporate contributions (Publix, RaceTrac)","Judicial conservatism, public safety, immigration enforcement, anti-human trafficking",98% Republican / 2% Democratic,"Senate Committee on Armed Services; Senate Committee on Armed Services (Subcommittee); Senate Committee on Health, Education, Labor, and Pensions; Senate Committee on Health, Education, Labor, and Pensions (Subcommittee); Senate Committee on Homeland Security and Governmental Affairs; Senate Committee on Homeland Security and Governmental Affairs (Subcommittee); Senate Committee on the Judiciary; Senate Committee on the Judiciary (Subcommittee); Joint Economic Committee; Senate Special Committee on Aging","$4,426,804 (As of Jan. 21, 2025 disclosure)"
P000622,Jimmy Patronis,House,Republican,FL,District 1,2025-04-02,54,1972-04-13,"Bachelor of Science in Hospitality Administration, Florida State University","Restaurateur, Co-owner of Captain Anderson's Restaurant",Unknown,Unknown,Individual/PAC contributions,"Fiscal conservatism and tax relief, Insurance fraud prevention, Support and benefits for first responders",Projected ~95%-99% Republican (High Cohesion),House Committee on Transportation and Infrastructure; House Committee on Small Business; House Committee on Small Business (Subcommittee); House Committee on Transportation and Infrastructure (Subcommittee),N/A (No net worth disclosure provided in sources)
F000484,Randall Fine,House,Republican,FL,District 6,2025-04-02,52,1974-04-20,"Master of Business Administration (MBA), Harvard Business School",Casino industry executive and management consultant,4286207.08,3095148.29,Individual/PAC contributions,"Education reform and school choice, Combating antisemitism and supporting Jewish community safety, Water quality and environmental protection for the Indian River Lagoon",Projected ~95%-99% Republican (High Cohesion),House Committee on Foreign Affairs; House Committee on Education and Workforce; House Committee on Foreign Affairs (Subcommittee); House Committee on Education and the Workforce (Subcommittee),N/A (No net worth disclosure provided in sources)
W000831,James Walkinshaw,House,Democrat,VA,District 11,2025-09-10,43,1982-10-22,New York University (BA in Politics),Public service,Unknown,Unknown,Individual/PAC contributions,General legislative priorities,Projected ~95%-99% Democratic (High Cohesion),House Committee on Homeland Security; House Committee on Oversight and Government Reform; House Committee on Oversight and Accountability (Subcommittee); House Committee on Homeland Security (Subcommittee),N/A (No net worth disclosure provided in sources)
G000606,Adelita Grijalva,House,Democrat,AZ,District 7,2025-11-12,55,1970-10-30,"Bachelor of Arts in Political Science, University of Arizona",Southern Arizona Regional Director for Chicanos Por La Causa (CPLC) and youth development administrator,Unknown,Unknown,Individual/PAC contributions,"Public Education and School Governance, Community and Economic Development, Public Health and Social Services",Projected ~95%-99% Democratic (High Cohesion),House Committee on Natural Resources; House Committee on Education and Workforce; House Committee on Natural Resources (Subcommittee); House Committee on Education and the Workforce (Subcommittee),N/A (No net worth disclosure provided in sources)
V000139,Matt Van Epps,House,Republican,TN,District 7,2025-12-04,43,1983-03-29,"J.D., University of Memphis Cecil C. Humphreys School of Law; B.S., United States Military Academy (West Point)","Deputy Commissioner of the Tennessee Department of Transportation, Attorney, U.S. Army Officer",Unknown,Unknown,Individual/PAC contributions,"Transportation and infrastructure development, public administration efficiency, military and veterans affairs",Projected ~95%-99% Republican (High Cohesion),"House Committee on Science, Space, and Technology; House Committee on Homeland Security; House Committee on Science, Space, and Technology (Subcommittee); House Committee on Homeland Security (Subcommittee)",N/A (No net worth disclosure provided in sources)
M001245,Christian Menefee,House,Democrat,TX,District 18,2026-02-02,38,1988-04-18,Juris Doctor (J.D.) from Washington University School of Law,"Corporate Litigation Attorney, Private Practice Lawyer",3637578.6,3481562.61,Individual/PAC contributions,"Voting Rights and Election Protection, Environmental Justice and Pollution Control, Consumer Protection and Public Health",Projected ~95%-99% Democratic (High Cohesion),"House Committee on Science, Space, and Technology; House Committee on Oversight and Government Reform",N/A (No net worth disclosure provided in sources)
A000383,Alan Armstrong,Senate,Republican,OK,Unknown,2026-03-24,64,1962-07-11,Information not available (there is no record of a U.S. Congress member or Senator named Alan Armstrong from Oklahoma),Information not available,Unknown,Unknown,Non-campaigning appointee (Ineligibility affidavit signed),"Federal permitting reform, energy project fast-tracking, mineral infrastructure development",98% Republican / 2% Democratic,"Senate Committee on Health, Education, Labor, and Pensions; Senate Committee on Health, Education, Labor, and Pensions (Subcommittee); Senate Committee on Indian Affairs","$15,000,000 - $30,000,000 (Based on Fortune 500 executive compensation and stock portfolios)"
F000485,Clay Fuller,House,Republican,GA,District 14,2026-04-14,45,1981-04-09,"J.D., Southern Methodist University Dedman School of Law",Assistant District Attorney and U.S. Air Force Officer,1846892.29,1776374.19,Individual/PAC contributions,"National security, border enforcement, and economic growth",Projected ~95%-99% Republican (High Cohesion),House Committee on Transportation and Infrastructure; House Committee on Small Business; House Committee on Small Business (Subcommittee),N/A (No net worth disclosure provided in sources)
M001246,Analilia Mejia,House,Democrat,NJ,District 11,2026-04-20,48,1977-08-19,"Master of Public Policy and Master of Labor and Employment Relations, Rutgers University","Executive Director of the New Jersey Working Families Alliance, Deputy Director of the Women's Bureau at the U.S. Department of Labor, Community and Labor Organizer",Unknown,Unknown,Individual/PAC contributions,"Workers' Rights and Labor Advocacy, Paid Family and Medical Leave, Minimum Wage Increase and Economic Justice",Projected ~95%-99% Democratic (High Cohesion),House Committee on Homeland Security; House Committee on Small Business; House Committee on Homeland Security (Subcommittee),N/A (No net worth disclosure provided in sources)
G000607,James Gallagher,House,Republican,CA,District 1,2026-06-10,45,1981-03-07,"Juris Doctor (J.D.), UC Davis School of Law",Agricultural attorney and family farming partner,Unknown,Unknown,Individual/PAC contributions,"Water infrastructure and resource management, Wildfire prevention and forest management, Lowering taxes and reducing the cost of living",Projected ~95%-99% Republican (High Cohesion),"House Committee on Transportation and Infrastructure; House Committee on Science, Space, and Technology; House Committee on Foreign Affairs",N/A (No net worth disclosure provided in sources)
G000608,Darline Graham Nordone,Senate,Republican,SC,Unknown,2026-07-14,62,1964-06-12,American University (BA),Public service,Unknown,Unknown,Individual/PAC contributions,General legislative priorities,Projected ~95%-99% Republican (High Cohesion),None assigned,"$500,000 - $1,500,000 (Based on public admin career assets)"
